Page,Review Number,Rating,Review Text
1,1,"5,0","Åehzade CaÄŸ Kebap'Ä±n meÅŸhur CaÄŸ KebabÄ± pek Ã§ok kiÅŸinin tavsiye ettiÄŸi bir mekandÄ±r. 
Etler yumuÅŸacÄ±k ve tadÄ± mÃ¼kemmel. Ã‡ok basit et, yufka ekmeÄŸi ve soÄŸan/salata, baÅŸka hiÃ§bir ÅŸeye ihtiyacÄ±nÄ±z yok. Bu aynÄ± zamanda etin kalitesini de gÃ¶sterir.
Ne yazÄ±k ki yemeÄŸin gelmesi iÃ§in biraz daha beklemeniz gerekiyor ama orada ne kadar yoÄŸunluk olduÄŸunu gÃ¶rÃ¼yorsunuz. Yan yemekler hemen getiriliyor.
Hizmet Ã§ok dost canlÄ±sÄ± ve gÃ¼zeldi.
Åehzade CaÄŸ Kebap Ä°stanbul'da gerÃ§ekten gÃ¶rÃ¼lmeye deÄŸer.

The famous Cag Kebab from Åehzade CaÄŸ Kebap recommended by many. 
The meat is tender and tastes perfect. It's very simple meat, yufka bread and onions/salad, you don't need anything else. This also shows the quality of the meat.
Unfortunately you have to wait a little longer for the food to arrive, but you can see how busy there is. Side dishes are brought immediately.
The service was very friendly and nice.
Åehzade CaÄŸ Kebap is really worth a visit when in Istanbul."
1,2,"4,0","Gayet gÃ¼zel bir et fakat fiyatlar el yakÄ±yor. 3 kiÅŸi 3 porsiyon caÄŸ kebap, 2 ayran, 1 kola 1.565 TL, porsiyonda iki ÅŸiÅŸ var. Bana pahalÄ± geldi. Ortaya salata, soÄŸan, yoÄŸurt, ezme ve tatlÄ± geliyor. Et lezzetliydi. AÃ§Ä±k ayranlarÄ± gÃ¼zel. Hizmet Ã§ok iyi diyemem, kalabalÄ±k olsa da hÄ±zlÄ± yer bulunabiliyor."
1,3,"2,0","Ã‡aÄŸkebabÄ± geyet lezzetliydi, puanÄ±m sadece ona geri kalanÄ± gidilecek bir mekan deÄŸil karsonlar olsun, hijyen olsun, ve tek kiÅŸi gittiÄŸinizde her an karson gelip sizi kaldÄ±rÄ±p baÅŸka yere alabilir, ben mÃ¼saade etmedim ama baÅŸkalarÄ±nÄ± kaldÄ±rdÄ±lar. Bir iÅŸletmeye yakÄ±ÅŸmayan hareket bunlar, bu mekanÄ± tavsiye etmiyorum bende gitmemeyi dÃ¼ÅŸÃ¼nÃ¼yorum."
1,4,"4,0","Son zamaanlarda tattÄ±ÄŸÄ±m nadir lezzetlerden kesinlikle tavsiye ederim, KebabÄ±n tadÄ± Ã§ok gÃ¼zel hafta sonu ziyaret ettik bÅŸraz kalabalÄ±k fakat personel hÄ±zlÄ± servis veriyor sirkeci tarafÄ±nÄ±za yolunuz dÃ¼ÅŸerse uÄŸramanÄ±zÄ± tavsiye ederim."
1,5,"3,0","Eti Ã§ok gÃ¼zel , garsonlar gÃ¼leryÃ¼zlÃ¼, sadece hijyen olayÄ± , yemek sonrasÄ± garson geldi bÃ¼tÃ¼n tabaklarÄ±mÄ±zÄ± Ã§Ã¶p bidonu gibi bir yere herÅŸeyi attÄ±lar , kÃ¼llÃ¼k dahil ğŸ˜”, sonuÃ§ta turistlerde var , lÃ¼tfen dikkat edelim"
1,6,"1,0","Fiyat inanÄ±lmaz pahalÄ± , personel Ã§ok soÄŸuk ve tahammÃ¼lsÃ¼z , Etler Ã§ok soÄŸuk ve kÃ¶tÃ¼ geldi. KÄ±rgÄ±z personel bulunuyor, ye artÄ±k kalk modunda , sÄ±fÄ±r ikram ile , soÄŸuk bir iÅŸletme"
1,7,"4,0","Ã‡aÄŸ kebap lezzeti olarak 9/10 BazÄ± caÄŸ kebapÃ§Ä±lardaki gibi kuru deÄŸil, iÃ§i sulu ama Ã§iÄŸ de deÄŸil.  CaÄŸ, olmasÄ± gerektiÄŸi gibi. Erzurumdakilere gÃ¶re farkÄ± biraz daha kÄ±sa ÅŸiÅŸlerde servis ediliyor oluÅŸu ve Erzurumâ€™a gÃ¶re biraz daha pahalÄ± olmasÄ±. Ama istanbulda hemen heryer daha pahalÄ± olduÄŸundan bu konu yine de gÃ¶zardÄ± edilebilir. Biz 3. Katta aile ile yedik. Genel olarak dar ve sÄ±kÄ±ÅŸÄ±k bir ortam var. Zemin katta kokuya maruz kalÄ±nabiliyor. Ä°ÅŸin kÃ¶tÃ¼ tarafÄ± esnaflÄ±k 2/10. O kadar turist de geliyor halbukiâ€¦ Kaba davranÄ±ÅŸlar, bir sn Ã¶nce yiyip gitmeniz isteme tarzÄ± servis, ufacÄ±k salataya bile ek Ã¼cret talebi gibi durumlar aÃ§Ä±kÃ§asÄ± esnaflÄ±ÄŸÄ± konusunda sÄ±nÄ±fta kaldÄ± diyebilirim. Lezzet Ã§ok iyi esnaflÄ±k Ã§ok kÃ¶tÃ¼."
1,8,"5,0","Daha iyisi Ä°stanbul'da kesinlikle yok. Et o kadar lezzetli ki hiÃ§ durmak istemiyor insan. Servisi, o kadar kalabalÄ±ÄŸa raÄŸmen Ã§ok hÄ±zlÄ± ve herkes gÃ¼ler yÃ¼zlÃ¼."
1,9,"5,0",Ä°stanbul gibi bÃ¼yÃ¼k ve kalabalÄ±k bir ÅŸehrin en yoÄŸun yerlerinden biri olan Sirkeci'de gÃ¼venerek ve tad alarak yemek yiyebileceÄŸim bir yer olarak tercihlerimin en Ã¼st sÄ±rasÄ±nda artÄ±k. Ä°ÅŸini severek ve titizlikle yapan personel iÃ§inde kocaman teÅŸekkÃ¼rler. Ä°yi ki gelmiÅŸim diyebileceÄŸiniz bir mekan.
1,10,"5,0","Ä°stanbul'da artÄ±k lezzetli et vulmak ÅŸans iÅŸi.
BuranÄ±n caÄŸ kebabÄ±, lezzetli kÄ±rmÄ±zÄ± et-kebap ihtiyacÄ±mÄ±zÄ± karÅŸÄ±lÄ±yor. Bir de bohÃ§a yapÄ±yorlar ki enfesss"
1,11,"5,0","Ä°stanbulâ€™a her gittiÄŸimde buraya mutlaka uÄŸruyorum. Ã‡aÄŸ kebabÄ± efsane, harika bir lezzet. Ã‡alÄ±ÅŸanlar iyi gÃ¼ler yÃ¼zlÃ¼ler. Turistik bir bÃ¶lge olduÄŸu iÃ§in Fiyatlar bir tÄ±k yÃ¼ksek ama deÄŸer. 
Tavsiye ediyorum"
1,12,"5,0","Lezzet, sunum, temizlik ust seviye.  KalabalÄ±k ancak sÄ±ra beklemiyorsunuz. Servis cok hÄ±zlÄ±. Manda yogurdu efsane. TuZu ve yaÄŸÄ± yerinde lezzeti ÅŸahane. LavaÅŸÄ±n iÃ§in kebabÄ± alarak yemek paha biÃ§ilemez. Fiyat kalite dengesi mukemmel."
1,13,"5,0",GeÃ§miÅŸe dÃ¶nÃ¼k puanlama yaptÄ±ÄŸÄ±mda 5â€™den az veremeyeceÄŸim mekanlardan biri. Ben lezzete ve hizmete bakarÄ±m. Bu konularda da gayet iyiler.
1,14,"1,0","CaÄŸ kebabÄ± ilk defa tadacak turistler iÃ§in ideal. ÅiÅŸ kiralÄ±yorsunuz. YanÄ±nda tadÄ±mlÄ±k et veriyorlar.  Ãœstelik sÄ±rada bekletip yan taraftaki Ã§ay ocaÄŸÄ±na oturtup servis aÃ§malar, dÃ¶ver gibi muamele de cabasÄ±. Hijyen sÄ±fÄ±r. Erzurumlular burayÄ± kapattÄ±rmalÄ±."
1,15,"1,0","EÅŸimle Bursa'dan Ã¶zellikle Erzurumlu olduÄŸum iÃ§in bu lokantaya geldik. Elinde meze tabaklarÄ±yla bir Ã§ocuk ve  saygÄ±sÄ±z garson baÅŸÄ±mÄ±za dikildi. EÅŸim"" bunlar ikram mÄ± nedir?"" diye sordu. SaygÄ±sÄ±z garson sesini yÃ¼kselterek ""ne bedavasÄ± bu devirde kim kime bedava birÅŸey veriyor"" dedi. ""Sen ne biÃ§im konuÅŸuyorsun mÃ¼ÅŸteriyle"" dedim. Garson iyice sesini yÃ¼kselterek bizi tartÄ±ÅŸmanÄ±n iÃ§ine Ã§ekti. MÃ¼ÅŸteriler durup seyretti bu olumsuzluklarÄ±. YazÄ±klar olsun ! Ä°ÅŸe gÃ¶re adam almazsan olacaÄŸÄ± budur. Patron para kazanmanÄ±n peÅŸinde koÅŸarken garsonlar mÃ¼ÅŸterilerle kavga ediyor. Kontrol sÄ±fÄ±r. Bir daha mÄ± asla Ã¶nÃ¼nden bile geÃ§mem bu lokantanÄ±n."
2,1,"1,0",Ä°ftar iÃ§in  deÄŸiÅŸiklik olsun diye arkadaÅŸlarla gittik ama masa dÃ¼zeni Ã§alÄ±ÅŸan garsonlarÄ±n tavrÄ± Ã§ok berbattÄ±
2,2,"1,0","BugÃ¼n Sirkeciâ€˜de gidip masaya oturduk olabildiÄŸince daÄŸÄ±nÄ±k ve dÃ¼zensiz hijyene dikkat etmeyen bir yapÄ±larÄ± var garsonlarÄ±n. AynÄ± zamanda maskeleri yok neden maskeleri takmÄ±yorsunuz dediÄŸimizde hiÃ§ kimse takmÄ±yor zaten diye laubali bir cevapla sizi kaale almÄ±yorlar. CaÄŸ alabildiÄŸine yaÄŸlÄ± ve gereksiz bir pahalÄ±lÄ±k. Garson acÄ±lÄ± ezme,yoÄŸurt salata gibi seÃ§enekte gelip sanki ikrammÄ±ÅŸ gibi masaya koymaya Ã§alÄ±ÅŸÄ±yor halbuki onlarÄ±n her birisi alabildiÄŸine pahalÄ± kÃ¼Ã§Ã¼k bir salata tabaÄŸÄ± 16 TL olabilir mi?  KeÅŸke yarÄ±da bÄ±rakÄ±p kalksaydÄ±k. Ä°nsan gÄ±da ve restoran iÅŸinde Ã‡ok titiz ve temiz olmalÄ±!"
2,3,"2,0",Ailece gittiÄŸimiz mekana kalabalÄ±k olmasÄ±na raÄŸmen servis hÄ±zlÄ±ydÄ± fakat Ã§aÄŸ kebabÄ±nda umduÄŸumuzu bulamadÄ±k et Ã§ok sert ve neredeyse tamamÄ±na yakÄ±nÄ± yaÄŸdÄ±.servisten Ã¶nce gelen yoÄŸurt lezzetliydi ezme ve salatada fena deÄŸildi fakat salatalarla beraber getirilen kadayÄ±f sarmaya anlam veremedik sadece Ã¼crete tabi tutmak iÃ§in mi anlamadÄ±k!!!DenemiÅŸ olduk tekrar gider miyim sanmam !!!hayÄ±rlÄ± iÅŸler
2,4,"2,0","Ailece gittiÄŸimiz mekanda servis kalabalÄ±k olmasÄ±na raÄŸmen gayet hÄ±zlÄ±ydÄ± fakat etinde maalesef umduÄŸumuzu bulamadÄ±k et Ã§ok fazla yaÄŸlÄ± ve sertti Ã§ocuklar sertlikten yiyemedi ortaya gelen manda yoÄŸurdu gÃ¼zeldi,ezme ,salata fena deÄŸildi bunlarÄ±n  yanÄ±nda hemen tatlÄ± gelmesi biraz abes geldi yemekten Ã¶nce salatalarla beraber 5 kiÅŸiye bir tane kadayÄ±f sarma o da Ã¼cretli Ã§ok saÃ§ma olmuyor mu sonuÃ§ olarak tekrar gidermiyim?sanmam!hayÄ±rlÄ± iÅŸler"
2,5,"3,0","Sirkecideki mekanÄ±n popÃ¼ler olduÄŸunu bilmeden gitmiÅŸtim Bu sefer bilerek gittim Sokakta oturmak keyifliydi Mercimek Ã§orbasÄ± ezo gelin gibiydi Manda yoÄŸurduda fena deÄŸildi Erzurumdada mucidi denen yerde kebabÄ± yemiÅŸtim, kuru bulmuÅŸtum Burada yediÄŸim daha kalÄ±n, hafif yumuÅŸak, daha lezzetli idi Ä°ki ÅŸiÅŸlik bir porsiyon caÄŸ kebap 34 liraydÄ± Memnun kaldÄ±k Bazen Ã§ok kalabalÄ±k oluyor ama servis hÄ±zlÄ±ydÄ±"
2,6,"1,0","EÅŸimle beraber gittik , Ã§aÄŸ kebabÄ±nÄ±n yanÄ±nda salata bile ekstra para ile veriliyor , Ã§aÄŸ kebabÄ±na gelecek olursak yarÄ±si yaÄŸ yarÄ±ÅŸÄ± etti , et de yaÄŸlÄ± etti , turistik bir mekan olmuÅŸ , verilen paraya kesinlikle deÄŸmez , yede git mantigiyla iÅŸletilen bir mekan tavsiye etmiyoruz ."
2,7,"4,0",Sirkeci'de bulunan ve caÄŸ kebap yapan yerdir her daim kalabalÄ±ktÄ±r kim yemeÄŸini bitir kalkarsa yerine onu oturuyorlar salatasÄ± ezmesi ekrandÄ±r ÅŸiÅŸlerle beraber servis yapÄ±lÄ±yor lezzeti yerinde fiyatÄ± da iyi salgÄ±ndan dolayÄ± Ã§alÄ±ÅŸanlar maskeli hizmet ediyorlar engellilerin giriÅŸine uygundur.
2,8,"4,0","Ã‡aÄŸ kebabÄ±nÄ±n tadÄ± gÃ¼zel ama porsiyon gramajÄ± Ã§ok yetersiz, 2 porsiyon Ã§aÄŸ kebabÄ±, 1 minik tabak sÃ¼s salatasÄ±, bir minik tabak ince bir tabaka ÅŸeklinde ezme, 1 kÃ¼Ã§Ã¼k yoÄŸurt ve 2 ÅŸalgamâ€™a 92 tl Ã¶dedik, bize bir adisyon vs de vermediler, dÄ±ÅŸarda insanlar bekliyor diye uzatmadan Ã§Ä±ktÄ±k, fazla mÄ± aldÄ±lar (muhtemelen fazla aldÄ±lar) emin deÄŸilim.. benim sorum ÅŸu sahibi sayÄ±n beyfendi zaten dÃ¼nyanÄ±n parasÄ±nÄ± kaldÄ±rÄ±yorsun bu mekandan, maÅŸallahÄ± var tÄ±klÄ±m tÄ±klÄ±m bari salatayÄ± ezmeyi falan hakkaniyetli versen, sonuÃ§ta sorulmadan ikram gibi masaya bÄ±rakÄ±lÄ±yor.. bu sebeple puan kÄ±rÄ±yoruz, lÃ¼tfen bunu patronunuza iletin, yanlÄ±ÅŸlÄ±kla alÄ±nan 1 lira dahi olsa sonra 1 lira Ä°Ã§in hakka geÃ§meyin.."
2,9,"5,0",Erzurum yatik doneri yapiyorlar.Her zaman kalabalik .Yer bulmak zor.Ikramlari da fiyata yaziyorlar.Buna dikkat edin diyorum.Lezzet iyi mi iyi..
2,10,"1,0",Åu ana kadar en iyisini Van da(Erzurum'a hiÃ§ gitmediÄŸim iÃ§in bir ÅŸey diyemiyorum) yediÄŸim caÄŸ kebabÄ±nÄ± bÃ¼yÃ¼k beklenti ile bir cuma gÃ¼nÃ¼ eÅŸimle gidelim dedik.Mekan fazlasÄ±yla kalabalÄ±k olmasÄ± yÃ¼zÃ¼nden hangi masada boÅŸluk varsa hemen oturtuluyorsunuz.Biz de bir Ã§iftin oturduÄŸu masaya oturtulduk.ArdÄ±ndan garsonlar ortada elinde soÄŸan salatasÄ± ve domatesten oluÅŸan bir salata ve ezme ile masa masa istiyor musunuz diye dolanÄ±yorlar.Biz tabi mekanÄ± bilmeyince hepsini istedik.ArdÄ±ndan ne kadar yersiniz ya da Ã§ok bahsedilen kesildikten sonra piÅŸsin mi ya da piÅŸmesin mi diye sormadan Ã¶nÃ¼mÃ¼ze birer porsiyon getirdiler.Yemeye baÅŸladÄ±kÃ§a yaÄŸlÄ± ve sonradan piÅŸirme iÅŸini yapmadÄ±klarÄ±nÄ± dÃ¼ÅŸÃ¼ndÃ¼rdÃ¼ler.Ã‡ok tat almadÄ±ÄŸÄ±mÄ±z iÃ§in birer porsiyon yiyip hesabÄ± istedik.ÅiÅŸ fiyatÄ± olarak Ä°stanbul ÅŸartlarÄ± iÃ§in uygun bir fiyat olsa da ezme ve domates ile salatalÄ±ktan oluÅŸan salatadan toplamda 16 TL almalarÄ± Ã§ok acayip geldi.Salata iÃ§in Ã¶zel olarak toplasan gelen tabakta bir salatalÄ±k bir tane de domates vardÄ±r.Bunun iÃ§in 8 TL isteniyor olmasÄ± Ã§ok enteresan.4 ÅŸiÅŸ Ã§aÄŸ kebap bir tane su ezme ve domates salatasÄ±na toplam da 69.5 TL Ã¶dedik. Kesinlikle ne beklentinizi karÅŸÄ±layan bir et ne de aldÄ±ÄŸÄ± fiyatÄ± hak eden bir iÅŸletme bir daha gidilmeyecek listemize eklendi.
2,11,"4,0","Sirkeciye gidildiÄŸinde etrafta tercih edebileceÄŸiniz restoran Ã§ok sayÄ±da. Åehzade CaÄŸ Kebap ise klasik bir dÃ¶nerden farklÄ± olarak ince lavaÅŸ, iyi kebap yanÄ±nda gelenler sadelik, lezzet ve pratikliÄŸiyle kendisini Ã¶zleten bir tat."
2,12,"5,0","Tavsiye Ã¼zerine geldim, Ã§ok begendim her È™ey harikaydÄ±, gerek servis olsun gerek lezzzetleri olsun Ã§ok gÃ¼zeldi. Herkese tavsiye ederim mutlaka gitmeniz gereken isstanbul da ki en iyi Ã§ag kebabcÄ±sÄ±."
2,13,"5,0",MÃ¼kemmel bir lezzet benim tavsiyem kendini mideni seven herkes burda yemek yesin tam lezzet Kemal beye teÅŸekkÃ¼rler
2,14,"5,0",Lezzetli hos goru samimiyet dusurtluk bende tam puan her kese tavsiyem kesinlikle burda oturup kefiyle yemek yiyin kemal beye ayrica tesekurler
2,15,"5,0","HerÅŸey Ã§ok lezzetliydi gerÃ§ekten bazen berbat yazan yorumculara ÅŸaÅŸÄ±rÄ±yorum fast food olarak deÄŸerlendirir isek Ã§ok baÅŸarÄ±lÄ± 
Tavsiye ederim"
3,1,"5,0","CaÄŸ kebabÄ± yediÄŸim en gÃ¼zel yer! FiyatlarÄ± bir tÄ±k pahalÄ±, mezeleri harika, ayranÄ± dahi gÃ¼zel . KÃ¶tÃ¼ olan her daim  Ã§ok sÄ±ra olmasÄ± ama lezzet buna deÄŸiyor."
3,2,"5,0","Ã‡aÄŸ kebabÄ±nÄ±n en gÃ¼zel yapÄ±ldÄ±ÄŸÄ± bir kaÃ§ yerden biridir. KalabalÄ±k her daim var. Ancak yine de yer buluyorlar, o kadar kalabalÄ±ÄŸa da hizmette yetiÅŸiyorlar. Tebrik ediyorum, Tavsiye ediyorum.."
3,3,"5,0","CaÄŸ kebabÄ±nÄ± beceremeyen onca yeri denedikten sonra tam caÄŸ kebabÄ± faslÄ±nÄ± kapatacakken caÄŸ kebabÄ±nÄ± bana sevdiren tek yer. 

Lezzet muhteÅŸem. 
Mekan salaÅŸ ama mekana takÄ±lmayÄ±n, etin lezzetine odaklanÄ±n..."
3,4,"1,0","28.10.2019 tarihinde ailecek geldik. Ã–ncelikle Ã§ok sÄ±ra olduÄŸunu belirtmek isterim. Bizede sÄ±ra geldi ve yemeÄŸimizi sÃ¶yledik. Gelen etler piÅŸmemiÅŸti ve ÅŸiÅŸin Ã§oÄŸunluÄŸu et deÄŸil yaÄŸdan oluÅŸuyordu. Talebi karÅŸÄ±lamak iÃ§in ÅŸiÅŸlerin tam olmadan servise sokulduÄŸunu buradan anlÄ±yoruz. DiÄŸer konu masaya sadece sumaklÄ± soÄŸan geliyor ve en komiÄŸi sÃ¶ÄŸÃ¼ÅŸ ekstra. Ezme ve yoÄŸurt zaten ekstra. BÃ¶yle bir iÅŸletmenin ufak ÅŸeylerden kaÃ§Ä±nmasÄ± Ã§ok komik. 4 kiÅŸi birer porsiyon(2 adet kÃ¼Ã§Ã¼k ÅŸiÅŸ) caÄŸ ve ekstra sÃ¶ÄŸÃ¼ÅŸ ezme yoÄŸurt sÃ¶yledik 137,5TL tuttu. Gerisini sizlere bÄ±rakÄ±yorum"
3,5,"4,0",Salas bÄ±r mekan ama et enfez cok begendÄ±m ama masaya gelen ezmme ve salata vasattÄ± yogurt on numara personel Ä±lgilÄ±ydi bÄ±raz kalabalÄ±k sadece kuzu etÄ± sevenler iÃ§in Ä±deal bÄ±r yer tafsÄ±yem sadece et Ä°le sgan yÄ±yÄ±n
3,6,"5,0",EminÃ¶nÃ¼'nde Tarihi HocapaÅŸa restoranlar Ã§arÅŸÄ±sÄ±nÄ±n hemen giriÅŸinde yer alan Åehzade Ä°stanbul'da bu zamana kadar denediÄŸim CaÄŸ kebaplarÄ±ndan en iyisi olarak sÃ¶yleyebileceÄŸim lezzete sahip.Ã–ÄŸle tatilinde oldukÃ§a kalabalÄ±k olan mekanÄ±n dÄ±ÅŸarÄ±da bir kaÃ§ masasÄ± ve iÃ§eride 2 katlÄ± kapalÄ± alanÄ± mevcut.CaÄŸ kebabÄ± menÃ¼nÃ¼n baÅŸrol oyuncusu ve tek baÅŸÄ±na yeterli.Ã‡alÄ±ÅŸanlarÄ± hÄ±zlÄ± ve nazikler.SipariÅŸiniz makul bir sÃ¼rede geliyor.Ä°steÄŸe gÃ¶re baÅŸlangÄ±Ã§ta Ã§orba ve son olarak tatlÄ± isteyebilirsiniz.Ortalama fiyatta ve iyi kalitede memnun ayrÄ±lacaksÄ±nÄ±z.
3,7,"5,0",4 sene Ã¶nce geldiÄŸimle aynÄ± lezzet bozmadilar hiÃ§. SalaÅŸ sokak arasÄ± Bi yerde. Ä°ster istemez geliyor bittikÃ§e isterseniz getiriyorlar. Lezzeti de Ã§ok iyi pisimi de. Ä°ki kiÅŸi 5sis iÃ§in 70lira odedik
3,8,"5,0","Ä°sminden de ablasilacagi uzeri, cag kebabi ile meshur bir mekan. Kebab biraz yagli ama benim gibi yagli sevenler icin harika ve denenmesi gereken bir lezzet. Belkide istanbuldaki en lezzetli cag kebap mekani diyebilirim. 

As you can understand from its name, its best with cag kebab. ist contains more fat but if u like meat a little bit fatty meat like me, its very delicious for you. Maybe its the best in istanbul for cag kebab."
3,9,"5,0",YÄ±llardÄ±r bu kaliteyi ve hizmeti korumalarÄ± takdire ÅŸayan. EminÃ¶nÃ¼ bÃ¶lgesinde yemek yenilecek yerler arasÄ±nda muhakkak gidilmesi gereken bir mekan
3,10,"3,0",Beklentiyi Ã§ok yÃ¼ksek tutmayÄ±n. CaÄŸ kebabÄ± gÃ¼zeldi ancak yorumlara bakÄ±nca aÅŸÄ±rÄ± lezzetli olacakmÄ±ÅŸ gibi bir beklentiye giriyor insan. Herhangi bir caÄŸ kebapÃ§Ä±da da aynÄ± lezzet bulunur. AyrÄ±ca garsonlarÄ±n ekstra fiyatlÄ± olan meze tabaklarÄ±nÄ± bundan da alÄ±rmÄ±sÄ±nÄ±z diye tek tek gÃ¶sterip gÃ¶zÃ¼nÃ¼ze sokmasÄ± hoÅŸ deÄŸil. Lezzete 4 puan verebilirdim ancak garsonlarÄ±n bu tÃ¼r hareketlerinden de 1 puanÄ± kestim. Bilgilerinize.
3,11,"1,0",Ben hayatimda bu kadar kucuk porsiyona bu kadar para vermedim. Karnizin doymasi icin en az 3 porsiyon siparis vermeniz gerekiyor. 30 gram ya var ya yok bunun 15 grami yag zaten bir daha Asla gitmem.
3,12,"5,0",Sirkecinin gurmeciler sokaÄŸÄ±nda salaÅŸ bir lokanta.Gorunuse gÃ¶re vasat olan bu mekanda et yemek bir ayrÄ±calÄ±k bence sislerde servis ediliyor isteÄŸe gÃ¶re piÅŸiriliyor Ä°nce lavaÅŸ ve soÄŸanla 10 numara  bÄ± lezzet cikiyor ortaya denenmesi gereken bir lezzet
3,13,"5,0",EÄŸer canÄ±nÄ±z caÄŸ kebabÄ± Ã§ektiyse ve lokasyon olarak eminÃ¶nÃ¼ tarafÄ±ndaysanÄ±z mutlaka gitmeniz gereken yer ÅŸehzade caÄŸ kebaptÄ±r...ÅŸimdiden afiyet olsun
3,14,"5,0",YÃ¶resel yemek iÃ§in italyan bir arkadaÅŸÄ± gÃ¶tÃ¼rdÃ¼k Ã§ocuk Ã§ok yemek yemiyordu 2 3 tabak caÄŸ kebabÄ± yedi Ã§ok lezzetli dedi.
3,15,"5,0","Ä°stanbulâ€™un en turistik yerinde , kalabalÄ±ÄŸÄ±n iÃ§inde, kÃ¼Ã§Ã¼k sandalyelerde bu lezzetli kebabÄ± yemek Ã§ok keyifliydi. Servis hÄ±zlÄ±. Ã‡ok beÄŸendik. Fiyat bilgisi veremeyeceÄŸim Ã§Ã¼nkÃ¼ ben Ã¶demedimâ˜ºï¸"
4,1,"5,0","BÃ¶lgedeki en iyi seÃ§eneklerden, ziyareti hakediyor. Ã‡aÄŸ kebabÄ± istanbulda en iyi yapan yerlerden biri. Ã‡ok ziyaret ettim, 6-7 ÅŸiÅŸ yemiÅŸliÄŸimde oldu, 2de kaldÄ±ÄŸÄ±mda. Garsonlar Ã§ok misafirperverdir. Ã–ÄŸle saatleri genelde kalabalÄ±k olur."
4,2,"1,0","Ã‡iftler iÃ§in uygun bir restoran deÄŸil, iftar iÃ§in gittiÄŸimizde belirtmiÅŸ olmamÄ±za raÄŸmen rahatsÄ±z olacaÄŸÄ±mÄ±z belli olan bir masa ayrÄ±lmÄ±ÅŸtÄ±. CaÄŸ kebaplarÄ± da Ã§ok iyi deÄŸil istanbulda daha iyisi var."
4,3,"5,0","Ä°stanbulâ€™daki en gÃ¼zel caÄŸ kebapÃ§Ä±sÄ± olabilir.
GerÃ§ekten Ã§ok lezzetli!
Defalarca gittim , yine giderim.
Mutlaka deneyin!"
4,4,"4,0","Åehzade Ã‡aÄŸ Kebap,Sirkeciâ€™de ,HocapaÅŸa da yer alÄ±r.Erzurumâ€™un meÅŸhur yatÄ±k dÃ¶nerini burada tadabilirsiniz.Masaya,Ã¶nce yoÄŸurt,acÄ±lÄ± ezme ve Ã§oban salata geliyor.Daha sonra ÅŸiÅŸlere takÄ±lÄ± vaziyet de et ve lavaÅŸ ekmeÄŸi geliyor.DÃ¼rÃ¼m yapÄ±p ,afiyet ile yeniliyor."
4,5,"3,0","burasÄ± Erzurumun meÅŸhur caÄŸ kebapÄ± tad ne kadar gÃ¼zel olursa olsun doyum zor 
keyifli bir yer ama gÃ¼n geÃ§tikÃ§e tutuldukÃ§a biraz kaba davranan garsonlarda oluyor 
genede bir kere bile olsa tadÄ±n derim."
4,6,"3,0","Ä°yi bir et dÃ¶ner tadÄ±, fakat porsiyonu az. Lezzetli, biraz yaÄŸlÄ±, fiyat olarak ortalama. Tavsiye ederim."
4,7,"5,0","HÄ±zlÄ± ve pratik bir servis.abartÄ±lÄ± sunumlardan uzak esnaf iÅŸi .porsiyonlar Ã§ok doyurucu .etseverlerin tek porsiyon ile yetinmeleri imkansÄ±z .salata sÄ±radan ,yoÄŸurdu mÃ¼kemmel.fiyatlar makul."
4,8,"5,0","Erzurum'a Ã§aÄŸ kebap iÃ§in gitmeye gerek yok eÄŸer Ä°stanbul'da yaÅŸÄ±yorsanÄ±z. Etin lezzeti anlatÄ±lmaz yaÅŸanÄ±r. Manda yoÄŸurduyla beraber afiyetle bu eÅŸsiz lezzetin tadÄ±na varabilirsiniz. Mekan ufak ve salaÅŸ, Ã¶ÄŸlen oldukÃ§a kalabalÄ±k ama Ã§aÄŸ kebap iÃ§in bir cennet."
4,9,"5,0",Ã‡ok kaliteli hizmet ve kebap. Ã‡alÄ±ÅŸanlar Ã§ok kaliteli.Servis Ã§ok dÃ¼zgÃ¼n.Ä°stemiÅŸ olduÄŸum kebap biraz yaÄŸlÄ± gelince tÃ¼m et deÄŸiÅŸtirilip yeni et takÄ±lÄ±p piÅŸirildi.En ufak bir zorlama olmadan Ã¼stelik BÃ¶yle kaliteli hizmete.Tebrikler
4,10,"5,0","ArkadaÅŸlarÄ±mÄ±zla beraber 4 kiÅŸi gittik, her ÅŸey mÃ¼kemmeldi ilgi alaka, Ã¶zellikle kebabÄ±n tadÄ± muhteÅŸemdi kesinlikle bir daha gideceÄŸiz"
4,11,"5,0",Harika bir et soganla beraber muhtesem oluyor.fiyati normal bir porsiyon 24 tl.cag kebap yemek isteyen dusunmesin gitsin
4,12,"5,0",Kuzu Ã§evirme bu olsa gerek kuzu severler iÃ§in gÃ¼zel bir tercih istanbulda Ã§aÄŸ kebabÄ± yiyebileceÄŸiniz adres burasÄ± Fatih bÃ¶lgesine gelirseniz aÃ§ gelin bu salaÅŸ mekanda mutlaka karnÄ±nÄ±zÄ± doyurun
4,13,"4,0",Tok iken 4 ÅŸiÅŸ yedim aÃ§ halimi dÃ¼ÅŸÃ¼nemiyorum... Hem hizmet kalitesi hemde etlerin lezetti Ã§ok iyi idi. Begendim valla 100 karakter yazmam mÄ± lazÄ±m inandÄ±rmak iÃ§in :)))))
4,14,"3,0","Ã–ncelikle haklarÄ±nÄ± vermek gerekirse hizmet hÄ±zlÄ± ve gÃ¼leryÃ¼zlÃ¼. Kebap etide lezzetli. Porsiyon 2 ÅŸiÅŸ, ortaya sumaklÄ± soÄŸan, yoÄŸurt ve salata. AnlatÄ±ldÄ±ÄŸÄ± kadar ahÄ±m ÅŸahÄ±m bir yer deÄŸil. Ä°dare eder. Porsiyon 40 tl hesap geldi. KÃ¼Ã§Ã¼k salaÅŸ bir mekan. Yolunuz dÃ¼ÅŸerse siz bilirsiniz."
4,15,"2,0",Yeri dar Ã§ok kalabalÄ±k temizlik sÄ±kÄ±ntÄ±lÄ± buna dar kesilen gramajÄ± dÃ¼ÅŸÃ¼k ÅŸiÅŸler eklenince yemeÄŸin ne tadÄ± kalÄ±yor ne tuzu yoksa kebabÄ± lezzetli allah var fiyat ÅŸiÅŸi 13 lira doymak iÃ§in 4 ÅŸiÅŸ ÅŸart
5,1,"5,0","Ã–ncelikle dÃ¼zgÃ¼n caÄŸ kebap iÃ§in Ä°stanbul'da kalan birkaÃ§ adresten biri. Etleri gayet lezzetli ve usulÃ¼nde, biz direk kesilip Ä±zgaraya attÄ±rmadan az piÅŸmiÅŸ aldÄ±k, tam lezzetli ve sulu geliyor tavsiye ederim. SumaklÄ± soÄŸanla deneyin mutlaka.
Fiyat ÅŸiÅŸ baÅŸÄ± 12 TL. AÃ§Ä±kÃ§asÄ± olmasÄ± gerekenden 2 TL fazla ama lezzetle aÃ§Ä±ÄŸÄ± kapatÄ±yor. Tek eleÅŸtirim ayranÄ±n kapalÄ± oluÅŸu, kendileri gÃ¼zel bir aÃ§Ä±k ayran yapsalar tadÄ±ndan yenmez."
5,2,"4,0","Sirkecide Ã§alÄ±ÅŸtÄ±ÄŸÄ±mdan dolayÄ±, etraftaki restaurantlarÄ±n hemen hemen hepsini tatmÄ±ÅŸ biriyim. CaÄŸ kebap olarak etin kalitesi ve lezeeti oldukÃ§a memnun edici, yalnÄ±z hocapaÅŸa iÃ§in fiyatlarÄ±n bana gÃ¶re yukarÄ±da olduÄŸu bir restoran, caÄŸ fiyatÄ±nÄ± makul bulmakla birlikte sorulmadan ve istenmeden ortaya yarÄ±mcÄ±lar iÃ§in adisyonda fiyatlarÄ± gÃ¶rÃ¼nce ÅŸaÅŸÄ±rdÄ±m oldukÃ§a da yÃ¼ksekti. caÄŸ iÃ§in gidilebilir, ama fiyatlar yÃ¼ksek."
5,3,"2,0","Yurtdisindan iki misafirimle Ã§ag kebap yemek iÃ§in gittik. Yemek bitti 3 Ã§ay istedik, yan masadaki aileye Ã§ag kebap ikram eden garson biz Ã§ay isteyince cumartesi Ã§ay servisimiz yok isterseniz yandaki baÅŸka dÃ¼kkanda size Ã§ay sÃ¶yletebilirim gibi saÃ§ma, saygisiz, hakaretvari bir teklifte bulundu. Ne birdaha giderim nede tavsiye ederim."
5,4,"4,0","Eti seviyorsanÄ±z, Ã§aÄŸ kebabÄ±nÄ± seviyorsanÄ±z   burasÄ± doÄŸru adres. Sirkeci HocapaÅŸa Tarihi lokantalarÄ±n olduÄŸu  SokaÄŸÄ±n hemen giriÅŸinde sizi bekliyor.  Kesip,kesip ÅŸiÅŸe takÄ±p getiriyorlar Ã§ag kebabÄ±nÄ±.  soÄŸutmadan ince  lavasÄ±n icine sarÄ±p , yiyorsunuz. DoyamÄ±yorsunuz."
5,5,"5,0","Ä°nanÄ±lmaz lezzetli, hayatÄ±mda yediÄŸim en iyi cag kebap buydu. YanÄ±nda yoÄŸurt isteyin, kÄ±vamlÄ± ve Ã§ok lezzetli. kebap iÃ§in fiyat ÅŸiÅŸ baÅŸÄ±na 12 tl civarÄ±ydÄ±. oturacak yer bulabilirseniz ÅŸanslÄ±sÄ±nÄ±z. sultanahmet bÃ¶lgesinde bÃ¶yle bir lezzet daha olduÄŸunu dÃ¼ÅŸÃ¼nmÃ¼yorum. unutulmaz bir lezzet."
5,6,"5,0",Bir sÃ¶z ile anlatÄ±lmaz gidin yaÅŸayÄ±n derim.Hala tadÄ± damaÄŸÄ±mda kalan gerÃ§ekten yÄ±llardÄ±r iÅŸin hakkÄ±nÄ± veren nadir iÅŸletmelerden.Åiddetle tavsiye ederim.Fiyatlar lezzete gÃ¶re normal.
5,7,"5,0",Erzurumda denemedim ancak olsa olsa bukadar baÅŸarÄ±lÄ±dÄ±r...mekan bunca iÅŸ yapmaasÄ±na ve para kazanmasÄ±na ragmenn neden dÃ¼zgÃ¼n bir dekor yapmaz bu tip esnaf restoranlarÄ± bir tÃ¼rlÃ¼ anlayamadÄ±m...keza lezzet herÅŸeyin Ã¼zerinde  olduÄŸundan oyum 5
5,8,"5,0","KÃ¼Ã§Ã¼k bir dÃ¼kkan ve Ã¶nÃ¼nde birkaÃ§ sÄ±ra masa. Ä°lk bakÄ±ÅŸta sÄ±radan bir lokanta gibi gÃ¶rÃ¼nse de caÄŸ kebabÄ±nÄ± bir kez yiyenin unutmasÄ± imkansÄ±z. Lezzeti, kÄ±vamÄ±, acÄ±sÄ±, tuzu tam ayarÄ±nda; isteyene bol yaÄŸlÄ±, isteyene ''sÄ±fÄ±r'' yani hiÃ§ yaÄŸsÄ±z.LavaÅŸ ile ÅŸiÅŸte servis ediliyor, gerÃ§ek bir lezzet ÅŸÃ¶leni. Sirkec'ye yolunuzu dÃ¼ÅŸÃ¼rÃ¼n ve mutlaka deneyin."
5,9,"5,0","Yahu kardeÅŸim bu nasÄ±l bir lezzet â¤ï¸ Ä°nanÄ±n bu mekanÄ±n ismi aklÄ±ma gelince aÄŸzÄ±m sulanÄ±yor ve caÄŸ kebabÄ±n tadÄ± dilime geliyor ğŸ˜‹ğŸ˜ GerÃ§ekten de TÃ¼rkiyeâ€™de sayÄ±lÄ± lezzette et yiyebileceÄŸiniz bir mekan. Åehzade bu iÅŸin kralÄ± â¤ï¸ğŸ™ğŸ» Bu arada en lezzetli dÃ¶ner yatÄ±k dÃ¶nerdir, kuzu etindendir ve hepsi burada ğŸ‘ğŸ¼ğŸ™ğŸ»ğŸ˜‹"
5,10,"5,0","CaÄŸ kebabÄ± bir Erzurum gelgÃ¶r de birde Åehzadeâ€™de yenir..,GideceÄŸim bir kaÃ§ caÄŸ kebabÄ± yapan yerlerde var buradan paylaÅŸacaÄŸÄ±m..."
5,11,"5,0","Ä°stanbulâ€™da CaÄŸ kebabÄ± yiyebileceÄŸiniz en iyi yer diyebilirim. Tek kelime ile enfes, etâ€™ler aÄŸzÄ±nÄ±zda daÄŸÄ±lÄ±yor.

AyrÄ±ca Ã§alÄ±ÅŸanlar Ã§ok Ã§ok sÄ±cak kanlÄ± insanlar. Servis Ã§ok iyi ve hÄ±zlÄ±. Sanki misafirliÄŸe gitmiÅŸ gibi hissettiriyorlar size.

Ã–nerilerim;
*CaÄŸâ€™dan Ã¶nce corba iÃ§meyin piÅŸman olursunuz. Ã‡Ã¼nkÃ¼ doyup az caÄŸ yerseniz Ã¼zÃ¼lÃ¼rsÃ¼nÃ¼z.
* Mutlaka az piÅŸmiÅŸ ÅŸekilde isteyin ve tadÄ±n bayÄ±lacaksÄ±nÄ±z. (Az piÅŸmiÅŸ derken Ã§ok iyi ayarlÄ±yor)
*YanÄ±nda domates alÄ±n enfes oluyor.
*GÃ¼veÃ§ yoÄŸurt tavsiye ederim.
*TatlÄ± tavsiye etmem.

Dikkat edilmesi gereken ÅŸeyler;

* Pazar gÃ¼nÃ¼ gitmeyin kapalÄ±lar
* Ã¶ÄŸlen yemek saatlerinde giderseniz sÄ±ra bekleyebilirsiniz
*Araba ile gitmeyin otopark sorunu var (bulunduÄŸu bÃ¶lgeden kaynaklÄ±)
*KabataÅŸ tramvayÄ± ile gidebilirsiniz Sirkeci duraÄŸÄ±na 5 dakika yÃ¼rÃ¼me mesafesi."
5,12,"5,0","Ä°stanbul da en iyi caÄŸ kebap yapan ilk 3 arasÄ±nda.CaÄŸ kebap Ã¶zen ve ustalÄ±k ister,herkes caÄŸ kebabÄ±nÄ±, gerÃ§ek ve olmasÄ± gereken lezzetinde yapamaz.Eskiden en gÃ¼zel caÄŸ kebabÄ± ÃœngÃ¼zek te yapÄ±lÄ±rdÄ±,burada yiyeceÄŸiniz lezzet neredeyse aynÄ±.YapanlarÄ±n ellerine saÄŸlÄ±k,Ã§ok baÅŸarÄ±lÄ± bir iÅŸ Ã§Ä±karmÄ±ÅŸlar.Yer sÄ±kÄ±ÅŸÄ±klÄ±ÄŸÄ± ve servisi sorun etmeyin,her zaman olumsuz olmuyor,kendinizi yiyeceÄŸiniz caÄŸ kebabÄ±n lezzetine odaklayÄ±n.Fiyatlar istanbul genelindeki caÄŸ kebabÃ§Ä±lara oranla gayet makul.Tavsiye ediyorum."
5,13,"1,0","Biz yeterli parayi kazanÄ±yoruz, pazar gÃ¼nÃ¼ Ã§alÄ±ÅŸmasak da olur mantÄ±ÄŸÄ±ndaki esnaf lokantasÄ±. AÃ§Ä±k olan gÃ¼nlerde giderseniz baÅŸka insanlarla dipdibe yemek yersiniz. Garsonlar gereksiz laubali olmayÄ± sever. CaÄŸ kebap iyi olabilir ama iÅŸletme Ã§ok kÃ¶tÃ¼."
5,14,"3,0","Bir yer ne kadar meÅŸhur olursa o kadarda vasatlaÅŸÄ±yor.etin iÃ§inde Ã§ok sert yerler vardÄ±,3 kiÅŸi iÃ§in gelen herÅŸey kÃ¼Ã§Ã¼k porsiyondu.8"
5,15,"5,0","Defalarca baÅŸka yerlerde caÄŸ kebabÄ± yememe raÄŸmen burada ki lezzeti baÅŸka yerde bulamadÄ±m .eti Ã§ok lezzetli mekan Ã¶ÄŸle saatlerinde Ã§ok kalabalÄ±k oturacak yer bulursanÄ±z servis Ã§ok hÄ±zlÄ± yemek iÃ§in beklemiyorsunuz etin yanÄ±nda isterseniz Ã¼cretli ÅŸekilde ezme,yoÄŸurt,soÄŸan ve salata mevcut.TatlÄ± olarak da kadayÄ±f dolmayÄ± tavsiye ederim."
6,1,"1,0",Ã–ÄŸle yemeÄŸine gittik. Bir porsiyonla doyulmuyor. Elli gram ete o kadar para Ã§ook fazla tavsiye etmiyorum.
6,2,"5,0",Cag kebap degince ben en iyisi en lezzetlisi. Gunun her saati kalabalik olmasina rahmen hic geri dondurmediler. En son iftari orada actik.emegi gecn herkese tesekkurler.
6,3,"4,0",Bir Erzurumlu olarak Erzurum dÄ±ÅŸÄ±nda yediÄŸim ilk caÄŸ kebabÄ±ydÄ± ve guzeldi. Yaninda verilen yogurt da guzeldi fakat cag kebabi icin demiyorum ama caÄŸÄ±n yaninda verilen salatanin mezenin vs ucreti daha uygun olabilirdi. Ama genel olarak iyiydi.
6,4,"4,0","sirkeci tramvay duraÄŸÄ±na 2 dakika yÃ¼rÃ¼me mesafesinde tarihi hocapaÅŸa lokantalarÄ± sokaÄŸÄ±nda bulunan bu restoran, daha doÄŸrusu lokanta, muhtemelen size muadilini sadece erzurum'da tadabileceÄŸiniz caÄŸ kebap sunuyor. kadayÄ±f dolmasÄ± da ayrÄ±ca gÃ¼zel. fiyatlar bi tÄ±k daha ucuz olsa her gÃ¼n gidilir diyeceÄŸim ama bu haliyle de ekstra pahalÄ± deÄŸil. mutlaka denemenizi tavsiye ederim."
6,5,"2,0","Lezzet olarak fazlasÄ±yla beklentiyle gittik fakat hayal kÄ±rÄ±klÄ±ÄŸÄ± ile dÃ¶ndÃ¼k. Ne caÄŸ kebabÄ±, ne yoÄŸurt, ne de tatlÄ± iyiydi. Ã‡alÄ±ÅŸanlar iyiydi, 2 puanÄ± da oradan verdim."
6,6,"4,0","YoÄŸunluk hat safhada fakat sebebi kalite, caÄŸ kebabÄ± denince Ä°stanbulda ender mekanlardan biri, Ã¶zellikle gÃ¼veÃ§ yoÄŸurt ta muhteÅŸemdi, kiÅŸi baÅŸÄ± en az zevkle 5 ÅŸiÅŸ yersiniz."
6,7,"4,0",Erzurum'a can kebabÄ± iÃ§in gitmeye gerek yok. oldukÃ§a baÅŸarÄ±lÄ± ve lezzetli. kesinlikle tavsiye edilir.
6,8,"4,0",Ã‡ok yogun bÄ±r yer ufacÄ±k sanki savaÅŸ var gibi) fakat gercekten Ã§ok lezzetli caÄŸ kebap yapÄ±yorlar yogun ilgi var lakin fiyatlar biraz daha dusuk olabÄ±lÄ±rdÄ± biraz pahallÄ± geldÄ± aÃ§Ä±kcasÄ±
6,9,"4,0",Biraz yoÄŸun bir mekan..salaÅŸ ama Ã§ok lezzetli bir Ã§aÄŸ kebabÄ± sunuyorlar..tek sÄ±kÄ±ntÄ±sÄ± ki benim iÃ§in Ã§ok mÃ¼him..garsonlar iÃ§eride mÃ¼ÅŸteri kaynarken aralarÄ±nda kÃ¼fÃ¼rlÃ¼ konuÅŸmalarda bulunuyorlar..aslÄ±nda vicdanlÄ± anÄ±ma denk gelmese bir puan dÄ±ÅŸÄ±nda vermezdim..iÅŸletmenin emegini bu kiÅŸiler iÃ§in yakmak istemiyorum..
6,10,"5,0",Kesinlikle kuyruk bekliyorsunuz ama deÄŸiyor buna et mukemmel servis Ã§ok hÄ±zlÄ± biraz pahalÄ± ama hakiki kaliteli kuzu eti yiyorsunuz insanin 10 ÅŸiÅŸ falan yiyesi geliyor
6,11,"5,0","Kesinlikle tavsiye ederim. Yemek yemeyi seviyorsanÄ±z, bir porsiyon doyurucu olmuyor.. Tek sÄ±kÄ±ntÄ±sÄ± o :) YoÄŸurt yemenizi de Ã¶neririm."
6,12,"5,0","Sirkeci'de kÃ¼Ã§Ã¼k bir yer. Ã‡aÄŸ kebabÄ± oldukÃ§a lezzetli. Dolma kadayÄ±fÄ± da gayet iyi. Hizmeti, personelin gÃ¼ler yÃ¼zlÃ¼lÃ¼ÄŸÃ¼ ve patronlarÄ±n ilgisi on numara. Kalite, lezzet ve hizmetine gÃ¶re fiyatÄ± da gayet uygun sayÄ±labilir."
6,13,"5,0",Erzurumdakine eÅŸ deÄŸer bir mekan lezzet sÃ¼per..Ã¼nlÃ¼lerin bile sÄ±klÄ±kla geldiÄŸi bir mekan tavsiye ederim
6,14,"4,0","Mekan oldukÃ§a salaÅŸ ve esnaf lokantasÄ± tarzÄ±nda olsa da Ã‡aÄŸ KebabÄ±nÄ±n lezzeti herÅŸeyi unutturuyor.

Ortam ve mekana takÄ±lmayanlar iÃ§in muhteÅŸem.
Erzurumda bir Ã§ok yerde yedim fakat gÃ¶rdÃ¼m ki oraya kadar gitmeye gerek yokmuÅŸ."
6,15,"5,0",SÃ¼rekli kalabalÄ±k olan bir iÅŸletme..kendinizi Erzurumâ€™da hissedebilirsiniz..eti Ã§ok lezzetli manda yoÄŸurdunda ayrÄ±ca gÃ¼zel
7,1,"4,0",Sadece et... leziz Ã¶tesi... az piÅŸmiÅŸ ÅŸiddetle tavsiye edilir etin tadÄ±na varmak iÃ§in... hÄ±zlÄ± ve samimi hizmet... lezzetine gÃ¶re Ã§ok ucuz...
7,2,"5,0","200â€™den fazla sayÄ±da kebap Ã§eÅŸidi olan Ã¼lkemdeki en iyi 5 kebapÃ§Ä±dan biri. CaÄŸ KebabÄ± konusunda da en iyi kebapÃ§Ä±. ÅiÅŸ baÅŸÄ±na 9â‚º Ã¶deniyor. Ama en az 5 ÅŸiÅŸ yemek normal kabul ediliyor. 

DoyamayacaksÄ±nÄ±z :)"
7,3,"3,0",Tarihi hocapasa sokaga her uÄŸradÄ±ÄŸÄ±mda merak etmiÅŸimdir Ã§aÄŸ kebabini. Etler yumuÅŸacÄ±k sisler dolu dolu sulu lezetli tek kelimeyle muhteÅŸem ama istememize raÄŸmen masaya yoÄŸurt salata kondu bizde yedik Ã¼crete tabiymis keÅŸke baÅŸtan Ã¼cretli olduÄŸunu belirtselermis daha iyi olurdu...
7,4,"5,0","BurasÄ± tek kelimeyle efsane. 
OturduÄŸumda 7-8 ÅŸiÅŸten aÅŸaÄŸÄ± kalkmazdÄ±m.
Kutu ayran saÃ§malÄ±ÄŸÄ±nÄ± bÄ±rakÄ±p, kendi aÃ§Ä±k ayranlarÄ±nÄ± yapmalarÄ±nÄ± Ã¶neririm."
7,5,"5,0",Ã‡ok yerde yedim ama burasÄ± bambaÅŸka Ã§alÄ±ÅŸanlar Ã§ok iyi ve hÄ±zlÄ± etler Ã§ok iyi fiyat iyi ortam Ã§ok kalabalÄ±k
7,6,"4,0",ArkadaÅŸlarla gitmiÅŸtik ve Ã§ok beÄŸendik. Ama dikkat edin yedikÃ§e yiyebilirsiniz ve sonrasÄ±nda piÅŸman olabilirsiniz Ã§ok yedik diye.
7,7,"4,0","HocapaÅŸa'daki en iyi lokantalardan. CaÄŸ kebabÄ± gerÃ§ekten ÅŸahane. PiÅŸmemiÅŸ 1 lokma bile yoktu. Ã‡Ã¶mlek yoÄŸurt da oldukÃ§a lezzetliydi. Servis hÄ±zlÄ±, fiyatlar normal. Bir ÅŸiÅŸ 10 TL, yoÄŸurt 6 TL. Tavsiye edilir.."
7,8,"5,0",Ben gitmekten bilmadim onlar yapmaktan bikmadi:)Sirkecide isim yoksa bile sirf cag kebap yemek icin basima isler cikariyorum bu mekan icin.Baska da birsey soylemiyorum â˜ºï¸
7,9,"5,0","Isyerim sirkeciye uzak olmasina karsin sadece cag yemek icin sehzadeye geliyorum. Tat muhtesem, ortam guZel herkese tavsiye ederim."
7,10,"5,0","sÄ±ra beklemeye razÄ± olun yolunuz dÃ¼ÅŸerse uÄŸrayÄ±n derim.
servis... kalabalÄ±k mÃ¼ÅŸteriye yetiÅŸmeye Ã§alÄ±ÅŸan iyi niyetli personel.
patron... iyi bir adam.. aÃ§Ä±n halinden anlÄ±yor..."
7,11,"5,0",Ã‡aÄŸ kebabÄ± n en iyi ve en doÄŸru adresi herkeze tavsiye ederim  ben ce bu et baÅŸka bir yerde bulunamaz bir et seÃ§kin insanlarÄ±n elinden seÃ§kin yÃ¶resel tatlar  istanbulda bulamaz bir nimet bu kebap  baÅŸarÄ±larÄ±nÄ±n devamÄ±nÄ± nÄ± dilerim ÅŸehzade ailesi
7,12,"5,0",KÃ¼Ã§Ã¼k bir iÅŸletme olmasÄ±na raÄŸmen oturmak icin sÄ±ra beklediÄŸiniz ve oturunca da kalkmak istemediÄŸini bir mekan. Ã‡aÄŸ kebabÄ±nÄ±n kralÄ±nÄ± yapÄ±yorlar. Hizmet Ã§ok hÄ±zlÄ± daha bak.... demeden yanÄ±nÄ±zdalar.
7,13,"5,0",Yedigim en guzel kebab Ã§esitlerinden biri mutlaka herkesin tatmasi gerekir...sunum hersey guzel ama fiyatlar pahali normal bir butceye gore degil...
7,14,"4,0","EÅŸimle birlikte gittiÄŸimiz bu yeri Ã§ok beÄŸendik. Daha Ã¶nce kÄ±zÄ±mla beraber gittikleri yere eÅŸim beni de getirdi. Ortam Ã§ok sÄ±cak ve samimi servis Ã§ok hÄ±zlÄ± , servisi yapan arkadaÅŸlar gÃ¼leryÃ¼zlÃ¼ ve yardÄ±mseverdi. SipariÅŸimizi verdik ve sofra anÄ±nda donandÄ±. Salata , acÄ±lÄ± sos , yoÄŸurt ve de CaÄŸ kebaplarÄ±mÄ±z gelmeye baÅŸladÄ±. LavaÅŸla yapÄ±lan serviste yedikÃ§e insanÄ±n daha fazla yemesi geliyor. 7.ÅŸiÅŸte ancak doyduk.Et lezzet olarak harikaydÄ±. Bu lezzeti Erzurumda da yemiÅŸtik.TatlÄ±'ya yer kalmamÄ±ÅŸtÄ±.Hesap 88 TL geldi.Bu yenilen ete bu fiyat normaldir.BÃ¼tÃ¼n herÅŸey iÃ§in Ã§ok teÅŸekkÃ¼r ediyorum. Bu harika tadÄ± bozmadan devam etmelerini diliyorum. Sirkeci'ye gittiÄŸinizde uÄŸramadan geÃ§meyin diyorum. Afiyet olsun."
7,15,"3,0","Sirkeci'de,HocapaÅŸa vergi dairesine yakÄ±n olan bu salaÅŸ lokanta da gÃ¼zel Ã§aÄŸ kebabÄ± yersiniz.Fakat fiyatlarÄ± son derece pahalÄ±,bu yÃ¼zden bir daha gitmeyeceÄŸim."
8,1,"2,0",Bir sÃ¼rÃ¼ yemek yorumcusunun abarttÄ±ÄŸÄ± bir mekan. DoÄŸru dÃ¼rÃ¼st terbiye edilmemiÅŸ kuvvetle muhtemel diÅŸi koyun eti gÄ±rÃ§ gÄ±rÃ§. Servisi mekanÄ± ve Ã¼rÃ¼nleriyle mÃ¼tenasip olmayan bir fiyat politikasÄ±. Benim iÃ§in bir hayal kÄ±rÄ±klÄ±ÄŸÄ±.
8,2,"5,0",SalaÅŸ bir lokantada gerÃ§ek caÄŸ kebebÄ±. MeÅŸhur gurmeler Ã§oktan keÅŸfetmiÅŸ. Bir porsiyonda 2 ÅŸiÅŸ var. Durmakta zorlanabilirsiniz. Tek problem tuvalet yok. Lavabo var. Yolun az ilerisindeki camii tuvaleti (paralÄ±) kullanÄ±lÄ±yor. DÄ±ÅŸarÄ±da oturun. BayramÄ±n ilk gÃ¼nÃ¼ kapalÄ±.
8,3,"5,0",GÃ¼nÃ¼n hangi saatinde gitmiÅŸ olursam olayÄ±m her daim taze ve lezzetli..Mekan Ã§ok kÃ¼Ã§Ã¼k..GÃ¼zel bir manzara ve konfor sunmayan bir mekan fakat lezzetli bir caÄŸ kebap yemek iÃ§in en doÄŸru adreslerden biri..
8,4,"5,0",Ä°stanbul'da en iyi caÄŸ kebabÄ±nÄ± yiyebileceÄŸiniz yer. Et sevenler iÃ§in ÅŸahane bir lezzet. Giderseniz benim tavsiyem  kurutulmamÄ±ÅŸ olarak da yemeniz.
8,5,"5,0","Tek kelimeyle muhteÅŸem, 2010 senesinden beri dÃ¼zenli giderim. HiÃ§ piÅŸman etmedi. Ä°stanbu'da Ã§ap kebap yenilecek tek yer! SeÃ§eneÄŸiniz yok Ã§aÄŸ kebap yiyeceksiniz, yanÄ±na ya salata ya ezme ya manda yoÄŸurdu bu kadar. Kebaplar teker teker sÄ±cak sÄ±cak servis edilir. Hafta sonu ya da Ã¶ÄŸle saatleri giderseniz yer bulamayabilirsiniz. AyrÄ±ca tatlÄ±sÄ± da bir harika! :) Ä°ki kiÅŸi ortalama fiyat 80 tl"
8,6,"5,0",Anadolu'nun bazÄ± Ã¶zel lezzetleri bizzat Ã¶zgÃ¼n yerlerinde tadÄ±lmalÄ±. Åehzade Erzurum CaÄŸ Kebap ile tanÄ±ÅŸana kadar caÄŸ kebap hakkÄ±nda da bÃ¶yle dÃ¼ÅŸÃ¼nÃ¼yordum. Ancak bu restoran gerÃ§ekten iyi cag kebap yapÄ±yor. MekanlarÄ± bakÄ±msÄ±z. Hizmet anlamÄ±nda biraz eksiklik var ancak lezzete diyecek bir ÅŸey yok.
8,7,"5,0",Bir Ã§ok yerde caÄŸ kebabÄ±nÄ± yedim ve bana gereksiz ve lezzetsiz olarak hep gelmiÅŸti fakat burada yedikten sonra ki ben biraz daha piÅŸkin servis ettirdim anammanammmmm Ã§ok aÃ§ta deÄŸildim ama nedense Ã§ok beÄŸendim bir de Ã¼stÃ¼ne kadayÄ±f dolmasÄ± yiyince olay bende bitti 6 yada 7 ÅŸiÅŸ Ã§orba salata yoÄŸurt tatlÄ± dahil 108 lira Ã¶dedim ama helali hoÅŸ olsun
8,8,"5,0",Kesinlikle istanbul'daki en lezzetli CaÄŸ Kebap.. Ä°stanbul'u ziyaret ettiÄŸinizde muhakkak buraya uÄŸramalÄ±sÄ±nÄ±z. TadÄ±nÄ± Ã§Ä±karÄ±n
8,9,"1,0",iÅŸ yerim sirkecide bugÃ¼n gittim buraya 15 dakika beklemenin ardÄ±ndan 2 ÅŸiÅŸ geldi ve beyaz et gibiydi..Ã§aÄŸ degil resmen yaÄŸ ve o 2 ÅŸiÅŸe 29 tl para aldÄ±lar yani 2 ÅŸiÅŸ yaÄŸa 29tl verdim neymiÅŸ kusura bakmayacakmÄ±ÅŸÄ±m Ã§aÄŸÄ±n sonuna denk gelmiÅŸim sonuna geldiysem hiÃ§ verme ! ve Ã§ok gÃ¶rÃ¼nsÃ¼n diye ince ince kesmiÅŸler..agzÄ±nÄ±n tadÄ±nÄ± ve kesesini dÃ¼ÅŸÃ¼nmeyen herkes gitsin !!! resmen dolandÄ±rÄ±cÄ±lÄ±k hilekarlÄ±k bÃ¶yle esnaflÄ±k olmaz insanlar size gÃ¼venip yemek yemeye geliyorlar yazÄ±k Ã§ok yazÄ±k ..
8,10,"5,0",Yolunuz sirkeci bÃ¶lgesine dÃ¼ÅŸerse mutlaka uÄŸrayÄ±n piÅŸman olmazsÄ±nÄ±z..Fiyat ve Ã¼rÃ¼n kalitesi Ã§ok dengeli..Ortam biraz kalabalÄ±k ancak unutmayÄ±n Sirkecidesiniz..CaÄŸ kebabÄ±nÄ±zÄ±n nasÄ±l piÅŸeceÄŸini sÃ¶ylerseniz ona gÃ¶re piÅŸiriyorlar..Yani Ã§ok piÅŸmiÅŸ yada az veya orta seviyede...Ã‡alÄ±ÅŸanlarÄ±n gÃ¼ler yÃ¼zÃ¼ ve ilgisi Ã§ok iyi...TeÅŸekkÃ¼rler Åehzade CAÄ
8,11,"5,0",Ä°lk defa Ã§aÄŸ kebabÄ± yedim Ã§ekinmeme raÄŸmen gayet lezzetliydi ÅŸiddetle tavsiye edilir ellerinize saÄŸlÄ±k ğŸ‘ğŸ»
8,12,"3,0","3 arkadaÅŸ gittik, biraz sokakta ayakta bekleyip yerimize oturduk. Ã–ÄŸle vakti doluydu. 1.ler hemen geldi, tam piÅŸmemiÅŸti, Ã§ok yaÄŸlÄ±ydÄ±. 2.ler geldi daha iyiydi ama etrafÄ±n gÃ¼rÃ¼ltÃ¼sÃ¼ne baÄŸrÄ±ÅŸarak konuÅŸan garsonlarÄ±n seside karÄ±ÅŸÄ±nca biz kalkmayÄ± tercih ettik. 
Bence caÄŸ kebabÄ± fast food olucak bir yemek deÄŸil adamlar o kadar yoÄŸunlar ki yetiÅŸtirmek iÃ§in kaliteden taviz veriyorlar. Daha kalÄ±n, daha az yaÄŸlÄ± ve daha iyi piÅŸse sÃ¼per olurdu. 
Ã‡oban salata ve ezmeyi gÃ¶sterip onlardan almayÄ±nca masaya ikram domates getirmekte ayrÄ± bir ayÄ±ptÄ± bence."
8,13,"5,0",CaÄŸ kebabÄ±mÄ± bir Ã§ok kez yedim ama Ä°stanbul Sirkeci hocapaÅŸa mahallesinde olan ÅŸehzade Ã§aÄŸ kebabÄ± Ä°stanbul da tek Eti harika servis iyi ayranÄ± gÃ¼zel herÅŸey iÃ§in teÅŸekkÃ¼r ederim
8,14,"2,0","Cag kebap ince kesilmez, iÅŸi ticarete dÃ¶kmÃ¼ÅŸler. Daha fazla Ã§Ä±ksÄ±n diye yaprak dÃ¶ner gibi ince kesmek mÃ¼ÅŸteriye kÃ¼fÃ¼r etmektir. Madem ince kesiliyor o zaman fiyati 5-6 TL olmalÄ±. Lokasyondan Ã¶tÃ¼rÃ¼ nasÄ±l olsa iÅŸ yapariz mantÄ±gÄ±yla bu kdr ince kesmeleri esnafliÄŸa yakÄ±ÅŸmÄ±yor, kusura bakmayin."
8,15,"3,0","Uzun zamandÄ±r HocapaÅŸa Sokak'da ki Restoran yorumlarÄ±nÄ± izliyordum..
SaÄŸlÄ± sollu sokak sonundaki HocapaÅŸa Camiine kadar bir Ã§ok Ã‡eÅŸit de ve Damak tadÄ±na hitap eden yiyecek hizmeti sunan Restoranlar mevcut...
Sirkeci Åehzade CaÄŸ Kebap, 
Ankara Caddesi tarafÄ±ndan giriÅŸte hemen sokaÄŸÄ±n baÅŸÄ±nda SaÄŸ taraf da...Ä°ki katlÄ± bir Restoran. DÄ±ÅŸarÄ±da da masalarÄ± var.
Gece hafta iÃ§i saat 20-20:30 civarÄ± bile olsa yoÄŸun bir sirkÃ¼lasyon var..SipariÅŸ verdikden sonra bir sÃ¼re bekleyebiliyorsunuz, buna hazÄ±rlÄ±klÄ± olun.!!
MenÃ¼yÃ¼ gÃ¶rsellere koydum.. Fiyatlara bakarsÄ±nÄ±z.!!
Etiniz Orta piÅŸkinlik de servis ediliyor..bu belkide yoÄŸunlukdan dolayÄ±, Ä°yi piÅŸmiÅŸ istiyorsanÄ±z..Ã–zellikle belirtin!! 
Personel hÄ±zlÄ±..ancak Servis KebabÄ±n piÅŸme sÃ¼resine baÄŸlÄ±. Erzurum KoÃ§ CaÄŸ Kebap'da da yemiÅŸtim..ancak lezzetini mukayese edemeyeceÄŸim..CaÄŸ Kebapda, piÅŸme esnasÄ±nda etin suyu ve yaÄŸÄ± doÄŸrudan aÅŸaÄŸÄ±ya aktÄ±ÄŸÄ±ndan Lezzeti Et DÃ¶nere gÃ¶re farklÄ±laÅŸÄ±yor..Keza OcaÄŸÄ±n altÄ±nda Ã§ok fazla Etin yaÄŸÄ± sÃ¼zÃ¼lmÃ¼ÅŸ durumdaydÄ±..Buna raÄŸmen Et fazla yaÄŸlÄ± geldi bana..AyrÄ±ca porsiyonlarda Ã§ok ufak..yaklaÅŸÄ±k 100gr gelir gelmez..Ã§Ã¼nkÃ¼ TartÄ±lmadan-Standart hale getirmeden servis ediliyor!!
1 Porsiyon CaÄŸ (porsiyonda 2 ÅiÅŸ var)+1 Teneke kutu Cola+Masaya Salata olarak koyduklarÄ± Tabak= 27TL."
9,1,"5,0","Ben ve ailem kebabÄ± Ã¶zellikle caÄŸ kebabÄ± Ã§ok severiz,bu hafta kuÅŸadasÄ±ndan arkadaÅŸlar geldi ve buraya getirdim  o my god  Ã§ok beÄŸendiler yine gelince yine yiyeceklerini sÃ¶ylediler yani sonuÃ§ sÃ¼per"
9,2,"4,0",Sirkeci de ufak tefek  bir yerde en iyi nerde Ã§aÄŸ kebap yiyebiliriz diye arastirirken herkesin Ã¶nerdiÄŸi bir yer olduÄŸunu gÃ¶rdÃ¼k gidip tatmak istedim.Åahsen yediÄŸim en iyi Ã§aÄŸ kebap diyebilirim hele yaninda el yapimi yogurt sunuyorlar mutlaka isteyin yaninda sahane bir lezzet cunku.Yer kÃ¼Ã§Ã¼k bir yer ama kapÄ±sÄ±nda kuyruk oluÅŸuyor randevulu bir yer deÄŸil bilginiz olsun mutlaka denemelisiniz.
9,3,"5,0",KÃ¼Ã§Ã¼k ve ÅŸirin bir mekan. Tarihi dokunun iÃ§inde bir Ã§arÅŸÄ± iÃ§inde yer alÄ±yor. YediÄŸim en iyi caÄŸ kebaptÄ± diyebilirim. Erzurumda bile bundan iyisi yapÄ±lmÄ±yordur... FiyatlarÄ± makul...
9,4,"5,0",Ä°stanbul'da ki en iyi caÄŸ kebap restoranÄ± diyebilirim. Lezzet harika. Servis Ã§ok hÄ±zlÄ±. HocapaÅŸa semtinde gÃ¼zel bir alternatif...
9,5,"5,0",Memnun kaldÄ±k lezzet gayet iyi....yoÄŸurt acÄ±lÄ± ve salata da zengin bir masa oluÅŸturuyor...tavsiye olunur...
9,6,"4,0","Ã‡aÄŸ kebap seven biri olarak burayÄ± beÄŸendim .

Hizmet kalÄ±te iyi 
Garsonlar GÃ¼ler yÃ¼zlÃ¼
YanÄ±nda getirdikleri garnitÃ¼r ler vs iyi
Fiyat Ã§ok rahatsÄ±z edici deÄŸildi."
9,7,"5,0","BugÃ¼ne kadar yediÄŸim en iyi caÄŸ kebap. MÃ¼thiÅŸ bir lezzet. Buraya yazarak anlatÄ±lacak bir lezzet deÄŸil. Mutlaka ama mutlaka gidip yenmeli. Åef garson Kemal abiye kendinizi bÄ±rakmanÄ±z yeterli. NewYork Times'a haber olmuÅŸ bir restaurant. 
Kesinlikle tavsiyemdir.ğŸ‘ğŸ‘"
9,8,"4,0",Ã–zellikle hafta sonlari cok yogun oluyor. Buyuzden fazla ilgi alaka olmuyor ve masa icin cok bekliyorsunuz. Ama yediginiz sey beklediginize degiyor gercekten cag kebabinda harikalar...
9,9,"5,0","fiyatlar biraz pahalÄ± olsada, kalitesi tartÄ±ÅŸÄ±lmaz. personel gÃ¼leryÃ¼zlÃ¼. Ã§aÄŸ kebap yanÄ±nda muhakkak yoÄŸurdunu deneyin."
9,10,"5,0",Kesinlikle sÄ±ra beklemeye deÄŸer. SalaÅŸ bir mekan fakat lezzet konusunda Ã§ok baÅŸarÄ±lÄ± eminonune her gittiÄŸimde mutlaka uÄŸruyorum.
9,11,"4,0",Muhtesem bir lezzet. Ama 2 sis toplamda en fazla 80 90 gram ete 18 tl cok abarti bir fiyat. Ayrica sogan domates haric mezelerde ucretli. Mesela ezme 5 tl. Masada duran su dan bile para aliniuor. Turk kebab kulturune hic uymuyor tam kapitalizm buraya gelmis maalesef. Ama ustanin ellerine saglik
9,12,"3,0",Ã‡aÄŸ kebabÄ±  yenilecek en gÃ¼zel kebapÃ§Ä±lardan biri.porsiyonlarÄ± kÃ¼Ã§Ã¼k.ÅŸiÅŸlerdeki et oranÄ± bir porsiyonun yarÄ±sÄ± olmalÄ± ama ne yazÄ±kki Ã¶yle deÄŸildi.
9,13,"5,0",Ã–neriyle gelmiÅŸtim. Beklentimin Ã§ok Ã§ok Ã¼stÃ¼ndeydi. Daha evvel Erzurum'da caÄŸ kebabÄ± ve kadayÄ±f dolmasÄ±nÄ± tadÄ±p Ã§ok beÄŸenmiÅŸtim. Yine gitmeliyim diyordum ama artÄ±k gerek kalmadÄ±. Kebap da dolma da harika. Ellerine saÄŸlÄ±k ustalarÄ±n.
9,14,"3,0","YoÄŸun bir saatte gittim, muhtemelen bu nedenle etler tam piÅŸmeden servis edildi. AyrÄ±ca eminÃ¶nÃ¼ bÃ¶lgesi iÃ§in ÅŸiÅŸ baÅŸÄ±na Ã¼cret yÃ¼ksek geldi. 3 ÅŸiÅŸ 1 ayran 1 tek kiÅŸilik salata 36 TL bana yÃ¼ksek geldi. iyi piÅŸmiÅŸ olmasÄ±nÄ± baÅŸÄ±ndan sÃ¶ylemek ve Ã¼creti sormak gerekli."
9,15,"5,0","Bir arkadaÅŸÄ±mÄ±zÄ±n davetlisi olarak geldik, yediÄŸimiz en gÃ¼zel caÄŸ kebabÄ±ydÄ±, Ã¼stelik etle beraber verilen kuyruk yaÄŸÄ±nÄ± ayÄ±rÄ±pda ustanÄ±n bunun farketmesi ve kÄ±rmÄ±zÄ± etle porsiyonumu tamamlamasÄ± gerÃ§ekten bÃ¼yÃ¼k jestti:))
Kesinlikle tavsiye ederim:)"
10,1,"5,0","MÃ¼kemmel... ne yazsam ne desem az kalacak. Tarihi HocapaÅŸa LokantalarÄ±nÄ±n sokaÄŸÄ±nÄ±n hemen giriÅŸindeki bu kebapÃ§Ä± dehÅŸet bir Eti size yediriyor.Ben Vedat Milor sayesinde keÅŸfettim. GerÃ§ek bir Ã§aÄŸ kebabÄ± yemek isterseniz gidin kendiniz karar verin.Ezmesi ve manda yoÄŸurdu da mutlaka  denemeli. En son karÅŸÄ±sÄ±nda yine cag kebabÄ± yapan bir dÃ¼kkan vardÄ±,bugÃ¼n geldiÄŸimde kapandÄ±ÄŸÄ±nÄ± gÃ¶rdÃ¼m. Zaten boÅŸtu.UstanÄ±n karÅŸÄ±sÄ±na aynÄ± iÅŸi yapan dÃ¼kkan aÃ§mak talihsizlikti zaten.
Damak Ã§atlatan lezzet ustasÄ± iyi ki varsÄ±n."
10,2,"5,0","taa Anadolu yakasÄ±nÄ±n en ucundan Sirkeci'ye sadece cag kebap yemeye gelip,dÃ¶nÃ¼yorsak gayet lezzetli oldugu iÃ§indir:)) her seferinde aynÄ± tat ve hizmet alÄ±yoruz. mekan gÃ¶rÃ¼ntÃ¼ olarak cok temiz gÃ¶zÃ¼kmÃ¼yor ama kebap o kadar lezzetli ki; rahatlÄ±kla gÃ¶zardi edilebilir"
10,3,"1,0","Bu kadar pis bir yer olamaz,tabaÄŸÄ±ndan Ã§atalÄ±na kadar.Duvarda hamam bÃ¶ceÄŸi geziyordu,iÄŸrenÃ§.....HiÃ§ zahmet edip gitmeyin deriz"
10,4,"4,0","EminÃ¶nÃ¼ ve civarÄ±ndaki en iyi Ã§aÄŸ kebapÃ§Ä±dÄ±r. Ã‡alÄ±ÅŸanlarÄ± oldukÃ§a hÄ±zlÄ±. Masa sayÄ±sÄ± az olduÄŸu iÃ§in kalabalÄ±k saatlerde masanÄ±zÄ± tanÄ±madÄ±ÄŸÄ±nÄ±z kiÅŸilerle paylaÅŸabilirsiniz. Ancak yine de buna deÄŸer. Erzurum'a gittiÄŸinizde dahi bu kalitede Ã§aÄŸ kebap bulma ihtimaliniz oldukÃ§a dÃ¼ÅŸÃ¼k (Erzurum'da son iki kez, iki farklÄ± mekanda yediÄŸim Ã§aÄŸ kebaplar tam bir hayal kÄ±rÄ±klÄ±ÄŸÄ±ydÄ±). EminÃ¶nÃ¼'ne gittiÄŸinizde uÄŸramanÄ±zÄ± tavsiye ederim."
10,5,"4,0","Ä°stanbul'da yiyebileceÄŸiniz, ortalamanÄ±n Ã¼zerinde bi caÄŸ kebabÄ±. Ancak beklentinizi Ã§ok Ã§ok da yÃ¼ksek tutmayÄ±n"
10,6,"3,0",Ã–ÄŸlen gittik Ã§aÄŸ kebap Yen'i piÅŸtiÄŸi iÃ§in ilk porsiyon Ã§ok beÄŸenmedik ama sonrakiler iyiydi yanÄ±ndaki salata ve garnitÃ¼rler daha iyi olmalÄ± .
10,7,"5,0","Bir Erzurumlu olarak takdir edilesi lezzet! Ã‡ok gÃ¼zel gerÃ§ekten biraz pahalÄ± ama lezzete deÄŸer sanÄ±rÄ±m :) kapÄ±daki kuyrukta lezzeti destekler nitelikte, garson hÄ±zÄ±r gibi herÅŸeye yetiÅŸiyor komiler de keza Ã§ol aktif. Servis esnasÄ±nda her ne kadar baÅŸÄ±nÄ±z dÃ¶nse de new york times'a bile konu olmuÅŸ bir restoran ğŸ‘Œ sevindirici:) sadece kadayÄ±f dolmasÄ±nÄ± beÄŸenmedim asla Erzurumlu ananemin yaptÄ±ÄŸÄ±ndan gÃ¼zel deÄŸildi. GeliÅŸtirilebilir tabiki."
10,8,"5,0",HÄ±zlÄ± ve sÄ±cak bir sunum var.Et Ã§ok kaliteli gerek kuzu eti manda yoÄŸurdu da gayet iyi.Yedikce doyamÄ±yorsunuz.En az 4 sis yenir.Mutlaka aÃ§ gelin ve bu zevkin doruklarÄ±na varinğŸ˜Š
10,9,"4,0","Gelicen,soÄŸanÄ± kekiÄŸi koyup 2-3 tek yicen,Ã¼stÃ¼ne de dolama tatlÄ±sÄ± gÃ¶mÃ¼cen sonra CaÄŸaloÄŸlu yokuÅŸunu nasÄ±l Ã§Ä±kacan dÃ¼ÅŸÃ¼nmeye baÅŸlayacan kara kara:)))
BaÄŸÄ±mlÄ±lÄ±k yapar.KadÄ±kÃ¶ylÃ¼ler olarak aÄŸlamÄ±ÅŸtÄ±k Ã§arÅŸÄ±dam taÅŸÄ±ndÄ±klarÄ±nda doÄŸrusu"
10,10,"3,0",On bilgi olarak cok etcil biri olmadigimi soyleyeyim. Et donerden lezzetli daha yagli. Acikcasi porsiyonlar cok kucuk ve fiyati 18 tlydi. Degmez bence. Gurultulu bir caddede. Yiyip kalkmalik bir yer.
10,11,"4,0","Bir blokta ismini okmuÅŸtum. O civarda Ã¶nerilen resturanlar bu tarihi sokakta zaten. HÄ±zlÄ± servis, garsonlar Ã§ok iyiler. Ã‡ay istemeden, Ã§ay ister misiniz diye sordular :) bence Ã¶nemli bir detay bu :) ayrÄ±ca kebap da baya gÃ¼zeldi."
10,12,"5,0","Erzurumlu yakÄ±n bir arkadaÅŸÄ±m tavsiyesi ile birlikte Sirkeci'ye Ã§aÄŸ kebabÄ± yemeye geldim.daha Ã¶nce baÅŸka mekanlarda da yedigim bu kebabÄ±n aslÄ±nÄ±n NasÄ±l olmasÄ± gerektiÄŸini burada gÃ¶rdÃ¼m.biraz sÄ±ra bekledik ama yedigimiz Ã§aÄŸ kebabÄ± herÅŸeyi unutturdu.basit ,doÄŸal ve salaÅŸ bir mekan.fiyatÄ±da normal."
10,13,"5,0","Biraz bekleyerek yer bulup oturduÄŸumuz,salaÅŸ bir yer.Servis Ã§ok hÄ±zlÄ± kebap oldukÃ§a lezzetli ve yanÄ±nda ki lavaÅŸ incecik ve lezzetli ... 
Ä°kram edilen Ã§ayda tavsiye edilir ."
10,14,"5,0",Eti Ã§ok lezzetli servis edilen soÄŸan salata ve acÄ±lÄ± ezme gÃ¼zeldi. Fiyat tabelasÄ± ve menÃ¼ olmamasÄ± hayal kÄ±rÄ±klÄ±ÄŸÄ± herkes fiyatÄ± gÃ¶rÃ¼p yemek ister ancak gÃ¶remedik. UmarÄ±m fiyatlarÄ±n yazdÄ±ÄŸÄ± bir menÃ¼ hazÄ±rlanÄ±r. Hesap Ã¶derken detayÄ±n yazmadÄ±ÄŸÄ± pusula aÅŸÄ±rÄ± amatÃ¶rce. Cevizli kadayÄ±f dolmasÄ± gÃ¼zeldi ancak daha Ã§Ä±tÄ±r olabilir.
10,15,"5,0","Mekan biraz salas olmakla beraber garsonlar cok isbilir ve saygili.
Etin kalitesi ise mukemmel, tek sorun kendinize hakim olup durabilmek.
Yaninda ikram edilen yogurt da cok lezzetli.
Mutlaka denenmeli."
11,1,"5,0","Bu lezzette caÄŸ kebabÄ± Erzurum Oltu da yemiÅŸimdir! Ã‡ok iyi Ã§ok lezzetli! Mutlaka gelin. Eti tam kÄ±vamÄ±nda, servis gÃ¼leryÃ¼zlÃ¼. Erzurumlu ustanÄ±n eli bol. ÅiÅŸler yarÄ±m yamalak gelmiyor, dolu dolu yiyorsunuz"
11,2,"5,0",GÃ¼zel bir caÄŸ kebabÄ± yemek isterseniz uÄŸrayÄ±n piÅŸman olmazsÄ±nÄ±z. Lezzeti tadÄ± piÅŸirilmesi yerinde gÃ¼zel yapÄ±yor ustalar tavsiye ederim.
11,3,"4,0","Guzel bulmasi kolay bir yerde.otururken ikramliklar geliyor ama ucretli bunlar,sormadan birakiyorlar.bir porsiyonda 2siscag kebabi var sicak sicak yemek icin birer birer geliyor.eti lezzetli kurutmuyorlar,yumusak sulu.kadayof dolmasi hafif ama biraz kalin ve serbeti fazla limonluydu."
11,4,"4,0",Lezzet olarak iyi.. Tatmin edecek durumda servisleri de bu yoÄŸunluÄŸa gÃ¶re Ã§ok Ã§abalÄ±yorlar fazla bekletmemeye Ã§alÄ±ÅŸÄ±yorlar.. YalnÄ±z hijyen konusunda biraz sÄ±kÄ±ntÄ± var masayÄ± temiz silmedikleri gibi sildikleri bez de malesef temiz deÄŸildi.. Bunuda dÃ¼zeltirse Ä°stanbul un gÃ¶beÄŸinde nefis bir tat diye deÄŸerlendirmek doÄŸru olacaktÄ±r..
11,5,"4,0","Haftasonu gittik. Oturacak yer bulmamÄ±z Ã§ok zor oldu. CaÄŸ kebabÄ± yumuÅŸak ve suluydu. Ben beÄŸendim.  YoÄŸurt minik Ã§Ã¶mlekte geldi. Bir tane yoÄŸurt yedim, midemde yer olsa iki tane daha yerdim. Ortadaki mezeler lezzetliydi. KÄ±saca yemeÄŸi Ã§ok beÄŸendim. Ama mekan kÃ¼Ã§Ã¼k. Biz gittiÄŸimizde Ã¼st kat turistler iÃ§indi. DÄ±ÅŸarÄ±sÄ± da ful doluydu. Belki haftaiÃ§i daha boÅŸ olabilir."
11,6,"5,0","Ä°stanbul da doÄŸup bÃ¼yÃ¼yÃ¼p geÃ§ kalÄ±nmÄ±ÅŸ bir keÅŸif bir dostumuz gÃ¶tÃ¼rdÃ¼ sirkeci merkezde  kÃ¼Ã§Ã¼k ama  Ã¼nlÃ¼ lezzetler sokaÄŸÄ± tarihi  Filibe kÃ¶ftecisi tam karÅŸÄ±sÄ±nda .kÃ¼Ã§Ã¼k bir mekan dÄ±ÅŸarÄ± masalar koyulmuÅŸ oturmak iÃ§in sÄ±ra bekliyorsunuz hatta ayakta bekleyenleri gÃ¶rÃ¼nce keyif Ã§ayÄ± iÃ§meniz mÃ¼mkÃ¼n olmuyor.hÄ±zlÄ± servis lezzet mÃ¼kemmel fiyatlar gayet uygun 4 kiÅŸi 99 tl Ã¶dedik 2 salata,su 2 ÅŸer ÅŸiÅŸ caÄŸ ,2 yoÄŸurt.Sirkeciye yolunuz dÃ¼ÅŸtÃ¼ÄŸÃ¼nde uÄŸramadan geÃ§meyin."
11,7,"4,0",Erzurum yÃ¶resinin CaÄŸ kebanÄ±n hakkÄ±nÄ± veren bir yer. KÃ¼Ã§Ã¼k bir yer olmasÄ±na karÅŸÄ±n iÅŸlek bir mekan ve temiz. Kuzu etinden muhteÅŸem bir lezzet elde edilmiÅŸ. Ã–zellikle Ä±zgarasÄ±z olanÄ± tercih etmenizi tavsiye ederim. YalnÄ±z ekmek seÃ§imleri yanlÄ±ÅŸ dÃ¼zeltmeleri gerekir.
11,8,"4,0",Ortam biraz yani ye ve git dinlenmek iÃ§in deÄŸil ilk defa bu tarz bir yerde yemek yedik ama fena deÄŸil Erzurum yÃ¶resine ait Ã§aÄŸ kebabÄ± yedik gayet lezzetli
11,9,"5,0","Ama yemeden bilemezsiniz, cag kebabi ezmesi yogurt ve lavaslari cok guzeldi.

Tesekkurler tika basa doyduk"
11,10,"5,0","ArkadasÄ±mla sirkeciye inerken Ã¶gle yemegÄ± Ä±cÄ±n oturduk tok olmama ragmen sadece arkadasÄ±mÄ±n Ä±srar etmesÄ±yle 2 sÄ±s yedÄ±m ben daha oncede yemÄ±stÄ±m ama bu adamlar bu cag kebabÄ±nÄ± gercektende cok Ä±yÄ± yapÄ±yorlar 
ortam bÄ±raz salas ye kalk gÄ±bÄ± gorunsede kebabÄ±n lezzetÄ±ne dÄ±yecek yok 
servÄ±s konsusunda baya gerÄ±deler hÄ±zlÄ±ca onune koyuyolar oda ortamÄ±n yogunlugundan kaynaklÄ±dÄ±r dÄ±ye dusunuyorum.
aÄ±leylede esÄ±nÄ±zlede arkadasÄ±nÄ±zlada gÄ±debÄ±lecegÄ±nÄ±z bÄ±r yer 
fÄ±yatÄ±da bence normal 2 ÅŸÄ±ÅŸ 16 TL sanÄ±rÄ±m ama oturursanÄ±z oyle 2 ÅŸÄ±ÅŸle fÄ±lan kalkacagÄ±nÄ±zÄ± dusunmuyorum 
mutlaka ama mutalaka deneyÄ±n derÄ±m."
11,11,"3,0",KalabalÄ±k salaÅŸ ilgi normal lezzet pek gÃ¶k mezeleri taze deÄŸil .etin fazla lezzeti yok.kadayÄ±f dolmasÄ± sÄ±radan lezzet yeterli deÄŸil.fiyatlarÄ± normal.
11,12,"5,0",eti o kadar gÃ¼zel ki anlatÄ±lmaz mutlaka gidin en az 5 sis yeyin calisanlari ilgi alakasÄ± kusursuz. hesabÄ± Ã¶deyip giderken oÄŸlum duymadÄ±ÄŸÄ±nÄ± sÃ¶yledi ve hemen bir lavaÅŸ yapÄ±p verdiler Ã¼crette almadÄ±lar esnaflÄ±k lari da kusursuz
11,13,"5,0",Tek kelimeyle harika. Kosor deyin.. Kosor isteyin.. caÄŸ kebabÄ±nÄ± bir de bÃ¶yle deneyin. YanÄ±nda salata ama mutlaka soÄŸan.
11,14,"5,0","En birincisi... ArkadaÅŸÄ±m geÃ§ kaldÄ±. 4 kiÅŸilik de masa iÅŸgal ettim... ""GÄ±k"" demediler.

Beklerken az Ã§orba sÃ¶yledim... Mercimek... Harika... 

Salatalar... Taze, temiz, iyi hazÄ±rlanmÄ±ÅŸ ve soÄŸuk.

Ezme... Ã‡ok iyi...

Ve CAÄ KEBAP... En iyi 3'Ã¼mde...

Ellerine saÄŸlÄ±k...

Bir de Ã§alÄ±ÅŸanlar... ArÄ± gibiler ve kibarlar. Ä°ÅŸi ÅŸiÅŸirmiyorlar. ""Millet nasÄ±l olsa geliyor ve gelir..."" yok... Kibar bir endiÅŸeleri var ve belli ediyorlar. Bu hissiyatlarÄ±ndan dolayÄ± da iyi Ã§alÄ±ÅŸÄ±yorlar...""Aman biÅŸey olmasÄ±n"" diyerek..."
11,15,"5,0","Enfes bir lezzet... Ä°ster dÃ¼rÃ¼m ye , istersen ÅŸiÅŸ... ÅiÅŸler 1 olur ,2 olur ardÄ±ndan 3-4-5 adet ... EmeÄŸinize saÄŸlÄ±k. Åiddetle tavsiye ediyorum.."
12,1,"5,0","CaÄŸ kebap, leziz, pamuk gibi yumuÅŸak, fakat tadÄ± yoÄŸun, servis Ã§ok hÄ±zlÄ±,ÅŸiÅŸler, tek tek geliyor, sÄ±cak sÄ±cak yiyorsunuz."
12,2,"4,0",Eti oldukÃ§a iyiydi. Ancak ÅŸunu belirteyim daha iyisini Erzurumda yedim. GittiÄŸimizde Ã§ok kalabalÄ±ktÄ± sÄ±ra bekledik. Tavsiyem kalabalÄ±ktÄ± biraz piÅŸmiÅŸ isteyin. Fiyat ise orta halli 7-8 ÅŸiÅŸ salata ve yoÄŸurt 75 TL civarÄ±.. Denemekte fayda var.
12,3,"3,0","Ã‡aÄŸ kebep her zaman lezetli bir yemek , ama burasÄ± Ã§ok kalabalÄ±k ve elbet biraz pahalÄ±
Servisde pek Ã§ok hÄ±zlÄ± deÄŸil , sonuÃ§da orta"
12,4,"5,0",CaÄŸ kebabÄ± severler mutlaka gitmeli. Mekan kÃ¼Ã§Ã¼k ama lezzet Ã§ok bÃ¼yÃ¼k. Pazar gÃ¼nleri kapalÄ± ki keÅŸke aÃ§Ä±k olsa. Siz istedikÃ§e ÅŸiÅŸ gelmeye devam ediyor kesinlikle soyacaÄŸÄ±nÄ±z bi yer Ä°stanbul'da daha iyisi yok iddia ediyorum :)
12,5,"5,0","Ä°stanbul'da yiyebileceÄŸiniz en leziz Erzurum CaÄŸ kebabÄ± burada. Ä°stanbul'un ilk CaÄŸ kebapÃ§Ä±sÄ± Ã–zcan, ÅŸimdi burada."
12,6,"5,0","Etin tadÄ±, Ã§alÄ±ÅŸanlarÄ±n iÃ§tenliÄŸi, mekanÄ±n konumu.. KÄ±sacasÄ± herÅŸey mÃ¼kemmel.
ÅiÅŸi yemeye baÅŸlarken ikincisini sÃ¶ylemeyi unutmayÄ±n (:"
12,7,"1,0","Tek BaÅŸÄ±ma gittim buraya,Ã¶nceden arkadaÅŸÄ±m uyarmÄ±ÅŸ olduÄŸu iÃ§in sÃ¼rekli sen sormadan tabaÄŸÄ±na atÄ±lan etlere karÅŸÄ± ikinciden sonra tamam dedim.dÄ±ÅŸarÄ±da yer yok zaten,iÃ§eride bir yere oturttular,neyse hemen ikram gibi ezme,salata,yoÄŸurt geldi,bereket sormuÅŸum ikram mÄ± diye hayÄ±r dediler,KalsÄ±n o zaman dedim,yani kafadan 20 25 lira ile baÅŸlÄ±yorsunuz hesaba,bir ÅŸiÅŸte gelen et 50 gr falandÄ±r fiyatÄ± 8 tl,vallahi abartÄ±ldÄ±ÄŸÄ± kadar hiÃ§bir Åeyini gÃ¶rmedim,herhangi marketten et AlÄ±p tavada kavursam Ã§ok daha lezzetli olur,neyse ben birinciyi yerken sormadan tabaÄŸa attÄ±lar bir ÅiÅŸ daha,iade edecektim ama hadi neyse dedim,yemeÄŸim bitti,Ã‡ay istedim oradaki delikanlÄ±dan tabi abi dedi,Ã‡ayÄ± beklerken yaÅŸlÄ±ca garson hemen tatlÄ± isteyip istemediÄŸimi sordu,yok dedim,yok der demez HesabÄ± kesti,16 lira,bu arada bir Ã§ift de BaÅŸÄ±mda dikiliyor ben Ã‡ayÄ± beklerken,herneyse garson zaten her tÃ¼rlÃ¼ psikolojik tacizi yaptÄ± kalkmam iÃ§in,sonunda Ã‡ay gelmeden KalktÄ±m Ã§ift daha fazla ayakta kalmamasÄ± iÃ§in,yani paranÄ±z kadar,harcadÄ±ÄŸÄ±nÄ±z kadar deÄŸer gÃ¶rdÃ¼ÄŸÃ¼nÃ¼z bir yer,hiÃ§ ama hiÃ§ memnun kalmadÄ±m,bir daha asla gitmem,kimselere de tavsiye etmem.alÄ±ÅŸmÄ±ÅŸlar insanlarÄ± kazÄ±klamaya kiÅŸi baÅŸÄ± kÄ±rk tl nin altÄ±na pek memnun kalmÄ±yorlar,aman deyim,buradaki abartÄ±lara SakÄ±n kanmayÄ±n,hiÃ§bir abartÄ±lacak tarafÄ± yok,kaldÄ± ki ben Erzurum'da kebap yemiÅŸ biriyim,gerÃ§eÄŸinin ne olduÄŸunu biliyorum,bunlar para yamyamlarÄ±."
12,8,"2,0","Lezzeti tadi tuzu icin diyecek hicbirseyim yok.. mukemmel.. ama o mekan kalabalikken uzak durun ordan yoksa ac kalirsiniz.. bir sis geliyor iki issirmada bitiyor.. ikinci sis yarim saat sonra.. ucuncu sis belki sormasan gelmiyor bile.. yani tatmin olamadan kalktim masadan.. 

Hele hele onumuzde bir masa vardi uzunca, orda oturan aile torpillimidir nedir.. biz ikinci sisi beklerken oraya giden 8 sismiydi neydi.. parasiyla degilmi arkadas.. okadar insan ac beklerken boyle yapilirmi.."
12,9,"4,0",hoÅŸ bir mekan servis iyi yemekleri gÃ¼zel Ã§aÄŸ kebabÄ±nÄ± tavsiye ederim.yemekten sonra eminÃ¶nÃ¼ sahile yÃ¼rÃ¼mek denize seyretmek hoÅŸ
12,10,"4,0","Sirkecideki lezzet duraÄŸÄ±. Et gerÃ§ekten harika, ÅŸiÅŸ bittikÃ§e servis yapÄ±lÄ±yor. Tek ÅŸiÅŸ 8-TL . Personel gÃ¼leryÃ¼zÃ¼ ve servis Ã§ok hÄ±zlÄ± 5 dakikaya masanizda kebabinizi afiyetle yemeÄŸe baÅŸliyosunuz.
Yemek iÃ§in ÅŸiddetle tavsiye edilir."
12,11,"2,0","Merhaba
EÅŸimle birlikte Sirkecide gezinirken Hoca PaÅŸa da bÃ¼tÃ¼n masalarÄ± dolu olan Åehzade Ã‡aÄŸ KebapÃ§Ä±sÄ±na girmek istedik. Ã–n masalar dolu olduÄŸundan yukarÄ± kata Ã§Ä±ktÄ±k.. Ã–nÃ¼mÃ¼ze otomatik olarak yoÄŸurt , ezme , salata ve birer porsiyon  Ã§aÄŸ kebabÄ± geldi. Etler donuk ve aÅŸÄ±rÄ± yaÄŸlÄ± ayrÄ±ca basÄ±k tavanlÄ± katta bir sÃ¼rÃ¼ insan garson tepemizden serviste.. BaÅŸÄ±mÄ±zda kalkmamÄ±zÄ± bekliyen insanlar.. Yani dayakmÄ± yedik yemekmi belli deÄŸil.. LavaÅŸ arasÄ± et ??? BukadarmÄ±dÄ±r.. AyrÄ±ca biraz turistik muhabbet ve turistik fiyat gibide bir durum var..  Her masada Trip advisor yorumu ( acaba o yorum bugÃ¼n iÃ§in geÃ§erlimi.. )  Turist desek temizlik aÃ§Ä±sÄ±ndan kÃ¶tÃ¼ Ã¶rnek.. Ben diyeceÄŸimi dedim.."
12,12,"5,0",YediÄŸim en gÃ¼zel kebaptÄ± personel Ã§ok cana yakÄ±ndÄ± Ã¶zellikle kadayÄ±f dolma harikaydÄ± ellerinize saÄŸlÄ±k
12,13,"5,0","Ziyaret etmeyi ihmal etmeyin. Kebap da, dolma kadayÄ±f da harika. MÃ¼tevazÄ± bir mekan ama kalite Ã§ok iyi"
12,14,"4,0",CaÄŸ kebab en sevdiÄŸim et Ã§eÅŸitlerinden biridir. Åehzade istanbuldaki en meÅŸhur caÄŸ kebab lokantalarÄ±ndan biri. Lezzeti ortalamanÄ±n Ã¼stÃ¼nde tercih edilebilecek bir yer.
12,15,"5,0",Ã‡aÄŸ kebabÄ± resmen eriyoo.kesinlikle tavsiye edebilirim.yanÄ±nda yoÄŸurt salata da alabilirsiniz.ben de ÅŸans eseri bulmuÅŸtum.ama iyi de olduÄŸunu dÃ¼ÅŸÃ¼nÃ¼yorum.
13,1,"5,0",SÄ±klÄ±kla ziyaret ettiÄŸim bir yer. Her seferinde tadÄ±na doyulmaz bir yemek yiyorum. Ä°ÅŸ yeri sahibi Ã¶zcan bey son derece mÃ¼tevazi ve gÃ¼ler yÃ¼zlÃ¼ bir insan.  TÃ¼m et sevenlere ÅŸiddetle tavsiye ederim.
13,2,"5,0","Servis harika, cag kebabi mukemmel. Guler yuzlu karsilama. Cok begendik, restaurantin konumu olsun verilen hizmet olsun. Tekrar Istanbul a donersem mutlaka ugrarim."
13,3,"4,0","Ã‡aÄŸ kebabÄ± hastasÄ±yÄ±mdÄ±r. Ä°stanbul'da birÃ§oÄŸunu denedim. Ama en iyisi burasÄ± diyebilirim. FarkÄ± etinde. KalÄ±n kesmiyorlar, lavaÅŸa dÃ¼rdÃ¼ÄŸÃ¼nde diÅŸler rahat kesiyor.. Yoksa diÄŸeri, biber, soÄŸan yoÄŸurt hepsi aynÄ±.."
13,4,"5,0","kÃ¼Ã§Ã¼k bir yer; ama lezzeti, ortamÄ± ve mekan sahibi baÅŸta olmak Ã¼zere tÃ¼m Ã§alÄ±ÅŸanlarÄ±n ilgisi 10 numara... suyu Erzurum suyu, ama kebabÄ±nÄ±n lezzeti, Erzurum'daki kebaptan Ã§ok daha iyi.. kebapseverlere ÅŸiddetle tavsiye ederim..."
13,5,"5,0",Ä°stanbul'un en iyi cag kebapcisi. Her zaman aynÄ± lezzet.Pazarlari  kapalÄ±. Sahibi Hasan usta iÅŸinin ehli. Emektar garson kemal gÃ¼leryÃ¼zlÃ¼...
13,6,"5,0","Sadece Ã§aÄŸ kebab yapan bu iÅŸletmede etin lezzetine doyamayacak ve muhakkak 2. Bir porsiyonu sÃ¶yleseceksiniz samimi ve ÅŸalaÅŸ mekan severlere tavsiyemdir, Guler yuzlu personele Ã¶zellikle teÅŸekkÃ¼rÃ¼ borÃ§ biliyorum ellerinize saÄŸlÄ±k"
13,7,"5,0","BayÄ±ldÄ±. Ramazan nedeniyle sakindi, servisteki arkadaÅŸlar Ã§ok iyiydi. KÄ±zÄ±m diyor ki "" bence mÃ¼kemmel"". ... .... .... ...."
13,8,"1,0","Sirkeci ye gidince uÄŸramadan geÃ§mezdim ,hizmet sektÃ¶rÃ¼ nÃ¼ az Ã§ok biliyoruz yani lezzetli ama herÅŸey lezzetlede olmuyorki ne hizmet ne GÃ¼ler yÃ¼z yoÄŸun tempodan dolayÄ± SÄ±fÄ±r KarÅŸÄ±lama bile ister ye ister yeme misali ,insanlar belli zaman sonra Malesef bÃ¶yle olabiliyor zamanla kaybedecekler haberleri yok bu kadar ..."
13,9,"5,0",Bir kebapsever olarak caÄŸ kebabÄ±nda burayÄ± tek geÃ§erim.yalnÄ±z Ã§ok yoÄŸun.biraz beklemeniz gerekebilir ama beklediÄŸinize deÄŸer
13,10,"5,0","Kebap kÃ¼ltÃ¼rÃ¼nÃ¼ bilmeyenlerce menÃ¼nÃ¼n zengin olmamasÄ±yla eleÅŸtirmiÅŸ, masaya gelen herÅŸeyiyle 10 Ã¼zerinden 10 alacak bir mekan."
13,11,"4,0","BeÄŸenerek geldiÄŸim ve Sirkeci'ye ne zaman gelsem pas geÃ§meyeceÄŸim bir yerdir , Ã§aÄŸ kebabÄ± bundan iyi olamaz taÅŸ kadayÄ±fÄ± iÃ§in aynÄ± ÅŸeyleri sÃ¶yleyemem ama bence sizde kebabÄ± deneyin derim..."
13,12,"5,0",Istanbulda olup olabilecek en lezzetli caÄŸ kebabÄ±. MÃ¼essese cumartesi cok kalabalik oluyor. Ancak insan bekledigine deÄŸiyor.  Sanirsam eti soganda bekletiyorlar. Yumusacik ve tam pismis geliyor. Istanbul'da lezzetli et yemek kimi zaman cok zor olabiliyor. Bence deneyin.
13,13,"5,0",Et sevenler icin mukemmel bir mekan yolunuz sirkeciye duserse erzurum cag kebabi yemeyi unutma yaninda  birde ezme salata harika
13,14,"5,0","CaÄŸ kebap harika, Ã§ok samimi hizmet. YoÄŸurt ve ezmeyi de mutlaka denemeslisiniz. TeÅŸekkÃ¼rler Åehzade CaÄŸ Kebap!"
13,15,"5,0","Ben et seven biri olarak ,en lezzetli kebabÄ± burada yedim ve yemeye de burada devam ediyorum,eÄŸer istanbulda ,Sirkeci civarÄ±ndaysanÄ±z buraya bir uÄŸrayÄ±n derim ,garanti beÄŸeneceksiniz"
14,1,"4,0","buralara yolunuz duÅŸerse denemelsiniz, hele caÄŸ kebap hiÃ§ yemediyseniz. Porsiyonda 2 ÅŸiÅŸ var ve sÄ±rayla sunuluyor. Siz tamam diyene kadar ek ÅŸiÅŸ getiriliyor. .SÄ±kÄ±lÄ±k mekanda gÃ¼rÃ¼ltÃ¼lÃ¼ garsonlar bazen rahatsÄ±z edici olabiliyor."
14,2,"4,0","Sirkeci'ye yolunuz dÃ¼ÅŸerse, denemeden geÃ§meyin. Ã‡ok merkezi bir yerde, HocapaÅŸa sokaÄŸÄ±n hemen giriÅŸindeki bu mekan, salaÅŸ ta olsa, sunduÄŸu etin lezzetiyle Ã¶n plana Ã§Ä±kÄ±yor. Ã‡ok hÄ±zlÄ± servis yapÄ±yorlar, siz daha birinci ÅŸiÅŸi bitirmeden ikincisi yetiÅŸiyor. BÃ¶ylelikle soÄŸutmadan, etin lezzetini tadabiliyorsunuz. Ezmeleri de Ã§ok lezzetli, Ã¼stelik Ã¼stÃ¼ne Ã§ay mekandan, iyi gidiyor!"
14,3,"5,0","BaÅŸka bir mekanÄ± denemeye giderken gÃ¶zÃ¼mÃ¼ze Ã§arptÄ± etin gÃ¶rÃ¼ntÃ¼sÃ¼ ÅŸahaneydi tadÄ±da Ã¶yleymiÅŸ,yanÄ±nda gelen ezme sÃ¼per.
Mekan salaÅŸ fakat gayet temiz Usta ve Åef garson Ã§ok ilgili ve kibar, artÄ±k her Sirkeci'ye yolum dÃ¼ÅŸtÃ¼ÄŸÃ¼nde mutlaka uÄŸruyorum."
14,4,"5,0","Erzurum'da 3 yerde caÄŸ kebabÄ± yiyen biri olarak; lezzet 10 puan, etin yumuÅŸaklÄ±ÄŸÄ± 10 puan, hÄ±z 10 puan , servis 10 puan! Alelae caÄŸ kebapÃ§Ä±larÄ±nda olduÄŸu gibi ; et lastik gibi deÄŸil lokum gibi, yedikten sonra damaÄŸÄ±nÄ±zda hiÃ§ yaÄŸ tabakasÄ± kalmÄ±yor,personel de Ã§ok samimi . Mutlaka tavsiye ederim !"
14,5,"5,0","BÃ¶yle bir kebab varmi?
Bir sis, bir lavas, bir ayranla is bitiyor
Tadi damagimda kaldi deriz ya
MÃ¼kemmel bir lezzet, herkeze tavsiye ederim"
14,6,"5,0","TesadÃ¼fen bulduÄŸumuz bu tarihi ve eÅŸsiz lezzet duraÄŸÄ± herkesÃ§e ziyaret edilmesi gereken bir kebapÃ§Ä±dÄ±r. AyrÄ±ca tecrÃ¼beli, gÃ¼ler yÃ¼zlÃ¼, pratik personeli sayesinde kendinizi evinizdeymiÅŸ gibi hissedeceksiniz."
14,7,"5,0","Sirkeci cevresinde nerede yemek yemeliyim diye dusunmeyin, direk Ozcan abinin muthis sofrasina kurulun. Her gittigimde degismeyen super lezzet ve super hizli servis..."
14,8,"5,0","BÃ¶yle hÄ±zlÄ± servis yapan yerler kaldÄ± mÄ±?
Kebap lezzetli, Ã§alÄ±ÅŸanlar sÃ¼per, hÄ±zlÄ±, gÃ¼leryÃ¼zlÃ¼daha ne istenir"
14,9,"3,0","Salata ayÃ§iÃ§ek yaÄŸÄ± olmamÄ±ÅŸ , zeytinyaÄŸÄ± kullanmalarÄ± lazÄ±m ...dÃ¶neri lezzetli ve sade fiyatlar makul , sodekso geÃ§mesi avantaj ..."
14,10,"5,0","Ä°stanbul'da en iyi Ã‡aÄŸ kebap nerede yeriz diye araÅŸtÄ±rdÄ±k ve tavsiyeler bizi Åehzade 'ye getirdi.Et gerÃ§ekten Ã§ok lezzetli,piÅŸiman olmazsÄ±nÄ±z, mutlaka deneyin,yeri Ã§ok merkezi Sirkecini gÃ¶beÄŸinde..."
14,11,"5,0",Lezzet mÃ¼kemmel... Cuma'nÄ±n servisi inanÄ±lmaz hÄ±zlÄ±... 10 numara 5 yÄ±ldÄ±z ;) sizi memnun bÄ±rakmak iÃ§in gÃ¼leryÃ¼z hizmet mÃ¼thiÅŸ
14,12,"1,0",Evet lezzet te sÄ±kÄ±ntÄ± yok gercekten ama servis berbat hele de kalabalÄ±ksa devamlÄ± mÃ¼ÅŸteriyseniz bile yÃ¼zÃ¼nÃ¼ze bakmÄ±yorlar. Biraz bekletelim deme zahmetinde bile bulunmuyorlar.
14,13,"5,0","CaÄŸ KebabÄ±nÄ± Erzurum'da yedik ve hiÃ§ beÄŸenmedik. BugÃ¼n burada yediÄŸimiz kebap muhteÅŸemdi. SorduÄŸumuzda Erzurum kuzusunun etinin sert olduÄŸunu, Trakya kuzusunun daha yumuÅŸak olduÄŸunu sÃ¶ylediler. 

GerÃ§ekten Ã§ook lezzetli bir kebap tattÄ±k, ayrÄ±ca burada dÃ¶nerde fevkalade. TatmanÄ±zÄ± tavsiye ederim."
14,14,"5,0",Erzurum'da beÅŸ yÄ±l yaÅŸamÄ±ÅŸ ve caÄŸÄ±n hasÄ±nÄ± yemiÅŸ biri olarak gerÃ§ekten lezzetli olduÄŸunu sÃ¶yleyebilirim caÄŸ kebabÄ±nÄ±n. YanÄ±na bir de gÃ¼zel manda yoÄŸurdu alÄ±n ve afiyetle yiyin. .
14,15,"5,0","iftar iÃ§in gitmiÅŸtik,tadÄ± damagÄ±mÄ±zda kaldÄ±,eti cok guzeldi salata ve mezelerÄ± de oyle,hÄ±zmet de fena deÄŸildi Ã§ok kalabalÄ±k ve ramazan oldugunu goze alÄ±rsak gayet Ä±lgÄ±lÄ±lerdi"
15,1,"5,0",Gercekten cag kebabi burda yenir.eti muhtesem.ama fiyatlar biraz pahali.yogurdu ve ezmesi de guzel.yolunuz duserse mutlaka ugrayin.
15,2,"5,0","HerÅŸeyden Ã¶nce Ã§alÄ±ÅŸanlar Ã§ok gÃ¼leryÃ¼zlÃ¼, kebap zaten muhteÅŸem lavaÅŸa ÅŸiÅŸteki etleri dÃ¶ktÃ¼nÃ¼z mÃ¼ deÄŸmeyin keyfinize, biraz yaÄŸlÄ± ama o da Ã¶zelliÄŸi ve gerÃ§ekten gÃ¼zel bir tat veriyor. Ben Ã¶zellikle gidip yedim, yolunuz Ã¼stÃ¼ olmasa bile uÄŸranÄ±lasÄ± bir mekan. Ä°kinciyi istediÄŸinizde aynÄ± tazelik ve lezzette 1-2 dakika iÃ§inde masanÄ±zda. Afiyet olsun"
15,3,"5,0",dÃ¶neri diÄŸerlere nazaran yatÄ±k olarak piÅŸmesinden dolayÄ± yedikten sonra hiÃ§ bir ÅŸekilde miÄŸde rahatsÄ±zlÄ±ÄŸÄ± vermeyen ve damakta Ã§ok hoÅŸ bir tad bÄ±rakmayÄ± baÅŸaran servisindede Ã§ok baÅŸarÄ±lÄ± bir mekan .
15,4,"5,0",bir arkadaÅŸÄ±mÄ±n Ã¶nerisiyle gittim oltu kebabÄ± Ã§ok gÃ¼zel erzurumda bulamayabilirsinz bÃ¶le bir lezzeti...
15,5,"2,0",Ã§ok yavaÅŸ ve yemek bana hitab etmedi.Mekan kokuyordu ve Garsonlar pek gÃ¼leryÃ¼zlÃ¼ deÄŸildi.Belki kÃ¶tÃ¼ bir gÃ¼nÃ¼ne denk geldim.
15,6,"5,0",En iyi Donner ÅŸimdiye kadar Ä°stanbul'da kaldÄ±m. Son seyahatimden Ã¼Ã§ kez gittim. Hizmet harika
15,7,"5,0",Makul fiyatlÄ±. MÃ¼kemmel bir konum. SÃ¼per lezzetli yemekler. ArkadaÅŸ canlÄ±sÄ± servis. Ä°stanbul'u ziyaret eden herkes iÃ§in mutlaka deneyin
15,8,"5,0","Ä°stanbul'a gittim, bir Ã¼lkede kendi Ã¼nlÃ¼ kebap tadÄ± (Ä°ran) . Ã‡Ã¼nkÃ¼ ben gerÃ§ek bir yemek severlerin'sÄ±nÄ± denedik, 10 'dan fazla Ä°stanbul'un en Ã¼nlÃ¼ kebap. Whitout hiÃ§ ÅŸÃ¼phe yok ki bu en iyisiydi. Ä°yi piÅŸmiÅŸ et ve aynÄ± zamanda kuru deÄŸil SoÄŸan, domates ve taze ekmek kabab yalan .... baldÄ±zÄ±m webde ararken bulmuÅŸ tadÄ± sahip olursunuz."
15,9,"5,0","Et kalitesi Ã§ok iyi, lezzet, inanÄ±lmaz ve basit bir aÅŸÃ§Ä±ya ihtiyacÄ± var Ã§Ã¼nkÃ¼ mÃ¼kemmel. Personel - humored iyi. Her gÃ¼n iÃ§in ÅŸiddetle tavsiye ederim."
15,10,"5,0","Ben bu tesadÃ¼fen buldum - aradÄ±ÄŸÄ±m restoran yerli halk olmadan herhangi bir ekler. Ve bu buldum - 1950 tarihinde Sirkeci tren istasyonuna Ã§ok yakÄ±n. GerÃ§ek kuzu kebap yatay kavrulmuÅŸ - doner kebap genellikle kuru ve yanmÄ±ÅŸ olabilir. Sadece bir yemek ve bunu biliyor. Sadece kebap ve yan check-out yapmÄ±yorsanÄ±z gÃ¼lÃ¼msemeyen personel - ekmek, soÄŸan, domates ve salat."
15,11,"5,0","HiÃ§bir soru sorun. . Åimdi, eÄŸer Ä°stanbul'da, hiÃ§ tereddÃ¼t etmeyin, Dan bu cag kebap. .

BaÅŸka bir Ã¼nlÃ¼ kebap yakÄ±nÄ±nda yer kasap Osman, Ã§ok kÄ±sa bir yÃ¼rÃ¼me mesafesinde Sikerci T 1 tramvay duraÄŸÄ±. ."
15,12,"5,0","HiÃ§ tereddÃ¼t etmeyin deneyin, Ã§ok iyi servis ve yemekler Ã¶zellikle kabab ve Ã§ay ve evine gitti, tekrar ve tekrar denemek iÃ§in istiyorum."
15,13,"4,0",Ã‡abuk bir Ã¶ÄŸle yemeÄŸi iÃ§in Ã§ok gÃ¼zel bir yer. Lezzetli kuzu karÅŸÄ±lamak. Servis hÄ±zlÄ± ve cana yakÄ±n. Bu yer'i gÃ¶nÃ¼l rahatlÄ±ÄŸÄ±yla Ã¶nerebilirim.
15,14,"5,0","Ä°stanbul'da 7 gÃ¼nlÃ¼k kalÄ±ÅŸÄ±mÄ±z, bu tek yer bile bir kereden fazla'Ã¼ ziyaret ettik ve aynÄ± yemek vardÄ±. MenÃ¼ basit: a ekmekle mercimek Ã§orbasÄ± Ã§orba, kebap ve Ã§Ã¶l. Biz de internet Ä°stanbul'da on kebap yerler hakkÄ±nda yorum okuduk. .  . KazanÄ±lan. Yemekler beÅŸ dakikadan daha az gelir. HÄ±zlÄ± Ã¶ÄŸle yemeÄŸi iÃ§in harika alÄ±ÅŸveriÅŸ arasÄ±nda. GerÃ§ekten Ä°stanbul iÃ§in bir simge. Bu ÅŸehir tek kelimeyle seviyorum!"
15,15,"5,0","Ã‡Ã¼nkÃ¼ tÃ¼m parÃ§alarÄ± kuzu doner farklÄ±. Her zaman Ã§ok kalabalÄ±k, hÄ±zlÄ± Ã¶ÄŸle yemeÄŸi iÃ§in iyi"
16,1,"5,0","GerÃ§ekten Ã§ok lezzetli!
Benim gibi, ve ben tekrar geleceÄŸim. MenÃ¼ seÃ§eneÄŸi yok. Sadece benim ve kÃ¼Ã§Ã¼k aperatif."
16,2,"5,0","Bu yerel Sultanameht restoran harika. Ä°ki kez Ã¼Ã§ gÃ¼n orada yedik. KebapÃ§Ä± karÅŸÄ±nÄ±zda harika ve yan yemekler sÄ±nÄ±rlÄ± menÃ¼ karÅŸÄ±laÅŸtÄ±rÄ±lamaz. En iyi yerel yemek deneyimi Ã§ok dÃ¼ÅŸÃ¼k bir fiyat. HÄ±zlÄ±, arkadaÅŸ canlÄ±sÄ± servis. Mutlaka ziyaret sÄ±rasÄ±nda Ä°stanbul'da."
16,3,"5,0","EÅŸim ve ben Ä°stanbul'da canlÄ± ve bu en hoÅŸuma giden ÅŸeylerden biri. Harika bir et, servis sÃ¼per hÄ±zlÄ±, ve makul fiyatlÄ±. Bu gibi yorumlar nedeniyle bazÄ± turist trafik, ama her zaman Ã§ok sayÄ±da yerli halkÄ±n keyfini Ã§Ä±karÄ±rken, et ÅŸiÅŸ kullanmayÄ±n. Biz oraya ne zaman 1950 tarihinde Sirkeci ... ve siz!"
16,4,"4,0","Otel bir blok, rehberimiz tarafÄ±ndan tavsiye edilmiÅŸti, Erkan Karakosi, Ä°stanbul'un en iyi kababs biri olarak. O da bizi sahibi olan cÃ¶mert bir Ã¼cretsiz Ã¶rnek verdi. AkÅŸam yemeÄŸi iÃ§in o gece dÃ¶ndÃ¼k. Belli ki, pek Ã§ok kÄ±lavuz kitaplarÄ±, mÃ¼ÅŸteriler, neredeyse tÃ¼m yerel. Cumartesi dÄ±ÅŸÄ±nda. MenÃ¼, basit - tek tip kabab - baharatlÄ± kuzu eti, ince dilimlenmiÅŸ, ahÅŸap yangÄ±n skewer piÅŸmiÅŸ. Her iki da (TL16), ile birlikte uzun kavrulmuÅŸ biber (oldukÃ§a sÄ±cak olabilir), soÄŸan ve bÃ¼yÃ¼k dÃ¼z ekmek iÃ§in onu da. Taraf arasÄ±nda yoÄŸurt (biber kesmek iÃ§in harika bir Ä±sÄ±), mercimekli, ve kurutulmuÅŸ domates/kÄ±rmÄ±zÄ± biber yemek (lezzetli).  Ã‡ok dÃ¼z ileri, taze ve ucuz. Hafif bir daha sonra akÅŸam yemeÄŸi iÃ§in mÃ¼kemmel (yaklaÅŸÄ±k 10:00pm) sonra bÃ¼yÃ¼k bir Ã¶ÄŸle yemeÄŸi. Ä°kinci bir gece tekrar Ã§Ä±ktÄ±k. Lezzetli, yakÄ±n, ve kullanÄ±ÅŸlÄ±."
16,5,"5,0","MÃ¼kemmel TÃ¼rk kebap. Vejetaryen uygun. Ä°yi Oteldekiler yerine yerliler tarafÄ±ndan her zaman iyi bir gÃ¶stergesi. Fast food olmamasÄ±na hÄ±zlÄ± servis. Alkol yok. MenÃ¼ kÃ¼Ã§Ã¼k deÄŸiÅŸiklikler ile ayarlanÄ±r. SipariÅŸ kÃ¼Ã§Ã¼k ve daha fazla almak gerekir. Harika bir ekmek kuzu Ã§Ã¶p ÅŸiÅŸ kebap ile sunuluyor. Bu deneyimi Ã§ok keyif aldÄ±m ve restoran, MÄ±sÄ±r Ã‡arÅŸÄ±sÄ± ve diÄŸer turistik yerlere Ã§ok yakÄ±n."
16,6,"5,0","Cana yakÄ±n, hÄ±zlÄ± servis, fiyatlarÄ± makul, sipariÅŸ vermek iÃ§in tavsiye ederim, zaman bir kebap ve sÃ¼rekli olarak dÃ¼ÅŸÃ¼yordu ama Ã¼cretsizdi yeniden sÄ±ralama kadar yeterli vardÄ±, bu yÃ¼zden her zaman sÄ±cak yemek"
16,7,"5,0","Yeni ve Ã§ok hoÅŸ bir kafede Kalkan restoran. Yemekler geleneksel ve menÃ¼ oldukÃ§a basit ama yemek kalitesi mÃ¼kemmel. UnutmayÄ±n, herhangi bir olumsuz dÃ¼ÅŸÃ¼nce TÃ¼rk kuzu doner, bu kuzu kuzu dilimleri ile Ã§ok gÃ¼zel bir ÅŸekilde ihale her skewer taze dÃ¼z ekmek, salata ve diÄŸer kÃ¼Ã§Ã¼k complimental yemekleri servis ediliyor. Bu garanti bankasÄ± yanÄ±nda saklanmÄ±ÅŸ ve denemeye deÄŸer."
16,8,"5,0","otel yaklaÅŸÄ±k 5 dakikalÄ±k yÃ¼rÃ¼yÃ¼ÅŸ mesafesinde, bu yÃ¼zden onu denemeye karar verdim. Bir iÃ§ecek Ã¶nce ben ÅŸarap gibi tadÄ±nÄ± Ã§Ä±karÄ±n. Orada bir yerde oturup bir koltuk aÃ§Ä±k. MenÃ¼ resim ve I Ã§orba ve kebap. Ã‡orba'a ekmekle mercimek Ã§orbasÄ± ve Ã§ok iyi. FiyatÄ± $2
Sonraki kebap Ä±zgara, biber, soÄŸan, domates ve ince ekmek ile birlikte gelen bir tortilla gibi gÃ¶rÃ¼nÃ¼yordu. Kuzu eti Ã§ok nemli ve Ã§eÅŸit salatadan birincisi. BurayÄ± Ã§ok sevdik. Maliyeti $5.33 .
Eski bir bit SNL vardÄ±, Dan Aykroid harcatmak iÃ§in John Belushi: ""cheeseburger ya da sandviÃ§i, cheeseburger ya da sandviÃ§i, patates, patates kÄ±zartmasÄ± ... "".  Ä°letiÅŸim burada, ama onlar ne diyor bir fikrim yok. EÄŸlenceli Ã§Ä±lgÄ±nlÄ±ktan dinleyin ve gÃ¼nbatÄ±mÄ±nÄ± izlemek iÃ§in. Ucuz, iyi yemek iÃ§in bu Ã¶nemle tavsiye ederim."
16,9,"3,0","AradÄ±ÄŸÄ±nÄ±z yer sonra bu restoran kapalÄ±ydÄ±. Sadece bir kez iÃ§inde her rehber. KÄ±sa ve kolay bir menÃ¼ - tek bir tÃ¼r kebap ve birkaÃ§ salata. Kebap Ã§ok lezzetliydi, ama porsiyonlar kÃ¼Ã§Ã¼ktÃ¼ ve, TL16, oldukÃ§a pahalÄ±. Verimli, ama Ã§ok kiÅŸiliksiz bir hizmet. Eminim sadece/neredeyse daha az para iÃ§in iyi bir yerde."
16,10,"5,0","SÄ±nÄ±fÄ±nÄ±n en iyisi. Yerel et hiÃ§bir tadÄ± Ä°stanbul'da.

Et ve piÅŸirme Ã§ok Ã¶zel.

GerÃ§ek bir iÅŸÃ§ilikleri."
16,11,"5,0","Kesinlikle lezzetli kebap - iyi piÅŸmiÅŸ et, mÃ¼kemmel. Ã‡ok basit, ama muhtemelen en iyi yemek sÄ±rasÄ±nda TÃ¼rkiye'de kaldÄ±m."
16,12,"4,0","Et sevenler iÃ§in iyi bir yer; sadece bir menÃ¼ ana yemek ve lezzetli kuzu skewer servis ediliyor.

HÄ±zlÄ± servis, restoranÄ±n Ã¶ÄŸle tatili dolu olmasÄ±na raÄŸmen. Genel olarak, Ã§ok iyi ve Ã§ok ucuz."
16,13,"4,0",Erzurum kababs Ã§ok tanrÄ±sal! MÃ¼kemmel servis ve harika fiyatlar! Ã–nemle tavsiye edilir ve kesinlikle geri geleceÄŸiz!
16,14,"5,0",Kesinlikle ÅŸimdiye kadar yediÄŸim en iyi kebap tÃ¼m hayatÄ±m boyunca. Ä°stanbul'da 5 gÃ¼n geÃ§irdim ve burada iki kere yemek yedik. MÃ¼kemmel servis ve makul fiyatlar. Burada kesinlikle deÄŸer!
16,15,"5,0","Bu bizim ilk gÃ¼n Ä°stanbul'da. AslÄ±nda Ä°stanbul hakkÄ±nda hiÃ§bir ÅŸey bilmiyordu.
GeÃ§ otel Ã§Ä±kmak iÃ§in kendi nedeniyle Ä°stanbul'da ilgi Ã§ekici yerleri gÃ¶rmek iÃ§in. Ve Ã¶ÄŸle yemeÄŸi iÃ§in karar verdik ilk sonra sÃ¼rekli hareket.
Erken Ã¶ÄŸle yemeÄŸi zamanÄ±, kalabalÄ±k deÄŸil.
Orada her gÃ¼zel ve sÄ±cak sÄ±cak.
Tam Ã¶ÄŸle yemeÄŸi vardÄ±, ve Ã§ok Ã§ok lezzetli yemekler ve harika geleneksel konukseverlik bulduk."
17,1,"5,0","En iyi denemek iÃ§in harikaydÄ± Eminonu barbeku et!
Her zaman kalabalÄ±k, Ã§Ã¼nkÃ¼ insanlarÄ±n bu yer! Buna deÄŸer! Deneyin!
Yummi, yummi! Ben bu tadÄ± sakÄ±n kaÃ§Ä±rmayÄ±n!
Tavsiye ederim!"
17,2,"5,0","Burada ilk akÅŸam yemeÄŸi Ä°stanbul'da geÃ§irdik. AÃ§, bu yÃ¼zden en iyisi kÃ¶tÃ¼sÃ¼ denedik seÃ§in. Harika bir sÃ¼rpriz oldu! Personel Ã§ok gÃ¼zel -normalde davet ca. Restoranlar Ä°stanbul'da %90. Yemekler Ã§ok lezzetli ve taze! Servis hÄ±zlÄ±! :)"
17,3,"5,0","Sadece burada hÄ±zlÄ± Ã¶ÄŸle yemeÄŸi vardÄ±. Yerli dolu. Basit kuzu kebap, yoÄŸurt ve/veya baharatlÄ± soslar sarmaÅŸÄ±klar, tek kelimeyle muhteÅŸemdi. Ve iyi bir salatalÄ±k ve domates salatasÄ±.

Bu ve iki ÅŸÃ¶foru iki kiÅŸi iÃ§in yaklaÅŸÄ±k Â£15. MÃ¼kemmel deÄŸer ve Galata KÃ¶prÃ¼sÃ¼. Kesinlikle tekrar giderim."
17,4,"5,0","Turist ziyaret etmeniz gereken, bu en iyi kuzu cag kebap yaÅŸadÄ±ÄŸÄ±m Ä°stanbul'da,
benzersiz test kuzu kebap
Ä°stanbul'da gerÃ§ekten en iyi yemek"
17,5,"5,0","Servis, hÄ±zlÄ± ve kaliteli yemek dikkat Ã§ekiciydi. DÃ¼nyaca Ã¼nlÃ¼ da sipariÅŸ ettik ve gerÃ§ekten Ã§ok eÄŸlencenin yankÄ±larÄ± ertesi. OnlarÄ±n tenderness ve basit bir lezzet yÃ¼rekten kazanmÄ±ÅŸtÄ±r. Bunu deneyin, taze yoÄŸurt mayalÄ± bir kil pot. TadÄ± Ã§ok gÃ¼zel, Ã§oÄŸu kiÅŸi daha Ã¶nce tadÄ± bÃ¶yle bir yoÄŸurt.
Ben sadece hoÅŸnutsuz bir bÃ¶lÃ¼mÃ¼ tarafÄ±ndan boyutu sundu. Geri kalan kusursuzdu."
17,6,"3,0","HocakadÄ±n restoranlar merkezi olduÄŸu iÃ§in birÃ§ok yerel yemekler sunan restoranlar yer alÄ±n. Cag kebap, bir ""dÃ¶ner "" skewer tarafÄ±ndan servis ediliyor. Et daha yumuÅŸak olabilirdi. Salata ortalama. KiÅŸi baÅŸÄ±na 3 da ve 1 salata iÃ§in 10 avro. KalabalÄ±k, Ã¶ÄŸle, bÃ¼yÃ¼k gruplar iÃ§in sorun olabilir."
17,7,"4,0","Kuzu eti, ama bu en muhteÅŸem yemek Ä°stanbul'da yemek yedik. Bir yemek turu bindik gezimizin ilk gÃ¼nÃ¼nde, ve bu bir durak. Ã‡ok sade bir menÃ¼, ama kuzu kebapÃ§Ä± karÅŸÄ±nÄ±zda harikaydÄ±! Ben sadece 4 yÄ±ldÄ±zlÄ±, Ã§Ã¼nkÃ¼ masalar ve sandalyeler, kÃ¼Ã§Ã¼k, kalabalÄ±k bir araya Ã§ok rahat deÄŸil. HiÃ§bir klima yoktu. Ancak, kebaps buna deÄŸer."
17,8,"5,0","Kebap muhteÅŸem! TÃ¼rkiye'de ikamet eden bir arkadaÅŸ tavsiyesiyle gittik ve bizi hayal kÄ±rÄ±klÄ±ÄŸÄ±na uÄŸratmadÄ±! Ä°lk tur sonra geri dÃ¶nÃ¼ÅŸ iÃ§in daha fazla gittik. Bilginiz olsun - restoran, alkol!"
17,9,"3,0",Burada rehber kitap tavsiyesi ama hayal kÄ±rÄ±klÄ±ÄŸÄ±na uÄŸradÄ±k. Dar oturma ve turist dolu (sanÄ±rÄ±m ÅŸok deÄŸil konum).  Yemekler fena deÄŸildi ama pek ucuz deÄŸil.
17,10,"4,0","Kesinlikle lezzetli cag kebapÃ§Ä± karÅŸÄ±nÄ±zda kÃ¼Ã§Ã¼k salata ile birlikte gelir. Ne olduÄŸundan emin olun, garson getirmek iÃ§in bir ÅŸiÅŸ bir anda (bir yemek iki shishs oluÅŸur) veya ikinci soÄŸuk yemek gerekir. AyrÄ±ca fiyatlar iÃ§in Ã¼cret neler gÃ¶rmek iÃ§in MenÃ¼ isteyin. BurasÄ± biraz dar, basit ama lezzetli yemekler, genel olarak."
17,11,"5,0","Ä°stanbul'da son gÃ¼nÃ¼mÃ¼zde bu yerin karÅŸÄ±sÄ±nda. Biz neden daha erken! Ä°stanbul'da en iyi yemekler biri. Harika servis ve mÃ¼kemmel doner kebap. Yerli dolu keyfini Ã§Ä±karÄ±rken, Ã¶ÄŸle yemeÄŸi her zaman iyi bir iÅŸarettir. Ucuz ve otantik bir TÃ¼rk MutfaÄŸÄ±."
17,12,"5,0","Bu yer, soÄŸuk bir kaÃ§ saat sonra bir BoÄŸaziÃ§i hÄ±z. Yemekler lezzetli ve ucuz. HiÃ§ pisliÄŸi hakkÄ±nda, Kebap ve tÃ¼m kaplamalarÄ± var - bir hizmet her ama bu durdurun!"
17,13,"5,0","MÃ¼tevazÄ± gÃ¶rÃ¼nÃ¼mlÃ¼, oldukÃ§a uygun fiyatlÄ±, hÄ±zlÄ±, lezzetli ve taze.
Bundan daha iyi bir ÅŸey olabilir mi? HayÄ±r, bu yÃ¼zden ; -)"
17,14,"5,0","tripadvisor hakkÄ±nda okuduktan sonra burada Ã§Ä±ktÄ±k. Servis Ã§ok hÄ±zlÄ± ve cana yakÄ±n. Kuzu kebap lezzetliydi. Absoloutly muhteÅŸem. YumuÅŸak ve lezzeti diyelim mmmmm. Ã§ok gÃ¼zel, burada bir gÃ¼nde iki kez gittik. Ã‡orba yanÄ± sÄ±ra oldukÃ§a lezzetli. Salata ve kÄ±rmÄ±zÄ± biber ve domates ÅŸey vardÄ±. Bu Ã§ok bilinen bir yer. 1950 TARÄ°HÄ°NDE Sirkeci tramvay, bir kaÃ§ dakikalÄ±k mesafede. Burada yemek gerekir."
17,15,"4,0","Ã–nceki yorumcular gibi seÃ§im onun sÄ±nÄ±rlÄ± ama olmasÄ± gerektiÄŸi gibi hatÄ±rladÄ± kebap bir kafe deÄŸil bir restoran. Harika bir et yemeyen biri deÄŸilim ama kuzu kebap konaklamamdan Ã§ok keyif aldÄ±m. Eti Ã§ok yumuÅŸak. 'A ekmekle mercimek Ã§orbasÄ± Ã§orba da harika.
Personel Ã§ok cana yakÄ±n."
18,1,"5,0","Amerika BirleÅŸik Devletleri'dan ziyaret ve Sehzade Erzurum'da yedik Cag Kebabi Ã§alÄ±ÅŸmadÄ±ÄŸÄ±nÄ± bildirdiler. Servis hÄ±zlÄ± ve yemekler harikaydÄ±. SeÃ§im hiÃ§ sorun deÄŸil, Ã§Ã¼nkÃ¼ sadece bir seÃ§enek vardÄ±r. Ama en iyisi. Sahibi kendisini tanÄ±ttÄ± ve bize uydu. Biz de burada krallar gibi aÄŸÄ±rlanacaksÄ±nÄ±z. New York Times'da Ã§ok olumlu yazÄ±ldÄ±. Genel olarak, harika bir yemek - bu, gitmek istediÄŸiniz yer!"
18,2,"5,0","Bu bir bulmak zor, bu bÃ¼yÃ¼k signboards yok. DeÄŸil, gÃ¼zel bir kafe gibi gÃ¶rÃ¼nÃ¼yor, ama burada yemek, bir sÃ¼rÃ¼ yerel insanlar gÃ¶rdÃ¼k, bu yÃ¼zden karar verdim. Ve en iyi kebap, gerÃ§ekten en iyi kebap ÅŸimdiye kadar denedim! Ucuz ve Ã§ok lezzetli! Ama bir sÃ¼rÃ¼ insan ve Ã§alÄ±ÅŸan personel, gÃ¼rÃ¼ltÃ¼lÃ¼ bir yer :)"
18,3,"5,0","Bu kÃ¼Ã§Ã¼k ve basit bir restoran. Garsonlar Ã§ok sÄ±cak ve samimi. FarklÄ± tabaklar salata ve yoÄŸurt gibi masamÄ±za oturduk. MenÃ¼ kÃ¼Ã§Ã¼ktÃ¼ ama her ÅŸey Ã§ok lezzetliydi.
Cag kebap denemelisiniz. Cennet gibi. O kadar iyi ki biz daha fazlasÄ± iÃ§in geri dÃ¶nmek zorunda kaldÄ±m bir sonraki gece."
18,4,"5,0","Bu restoran iÃ§in bilimin olmalÄ±dÄ±r. KÄ±sa bir ziyaret sÄ±rasÄ±nda iki kez ziyaret ettik ve seÃ§imimizden yoktu.
YoÄŸurt nefis, kebap. Personel Ã§ok az Ä°ngilizce, ama sorun yoktu, yemekler derhal ve olarak sipariÅŸ ettik.
Kuzu eti, Ã¶zellikle de lezzetli ve sahibi bize onu aldÄ± kendi sÄ±Ã§radÄ±. Ne olursa olsun, o harika bir Ã¼rÃ¼n vardÄ±.
Fiyat mÃ¼kemmeldi."
18,5,"5,0","TÃ¼m yorumcular diyor, kebap en iyi. Bu nedenle, ev yapÄ±mÄ± yoÄŸurt kil tencere. Ã‡orba da iyi. MenÃ¼ Ã§ok sÄ±nÄ±rlÄ± ama Ã§ok makul fiyatlÄ± ve Ã§ok memnuniyet verici. Åef, sÃ¶z konusu kendisi garsonlar Ä°ngilizce bilmiyor. , Sizin iÃ§in bir tavuk doner'da kuzu eti. Ama kuzu skewer Ã¶zel. Mutlaka bir kez deneyin. Tramvay istasyonu yakÄ±nÄ±nda 1950 tarihinde Sirkeci arkasÄ±nda Hafiz kÃ¶ÅŸede Hocapassa Street alÄ±ÅŸveriÅŸ tatlÄ±. Ã–n antika / Hediyelik eÅŸya da Ã§ok makul fiyatlÄ± ve sahibi Ã§ok akÄ±cÄ± Ä°ngilizce konuÅŸuyor."
18,6,"4,0","Ä°stanbul'un en iyi gerÃ§ek doner. Ev yapÄ±mÄ± yoÄŸurt yanÄ± sÄ±ra, kaÃ§Ä±rmayÄ±n.

Servis ve atmosferi ile ilgili her ÅŸeyi dikkate almayÄ±nÄ±z, sadece shawarma (doner)!"
18,7,"5,0",Ä°stanbul'da bugÃ¼ne kadarki en iyi yemek. BÃ¼yÃ¼k bir zevkle ve deÄŸer. BaÅŸka yerlerde Ã§ok daha iyi e de aynÄ± bÃ¶lgede yemek yedik ve daha yukarÄ± TA oylama masa. Oraya lezzetli yemekler iÃ§in lezzetli bir fiyata.
18,8,"5,0","MenÃ¼ Ã§ok basittir: kuzu eti, yoÄŸurt, salata ve ekmek. Ancak Ã§ok lezzetli. Kabul ediyorum 14 lira iÃ§in et biraz daha cÃ¶mert olabilirdi, ama TÃ¼rkiye'de 10 gÃ¼n geÃ§irdikten sonra eÅŸim ve ben sanÄ±rÄ±m bu en iyi yemek olabilir. Yerli dolu, bir turist tuzaÄŸÄ± kesinlikle deÄŸil. Bizim 8 yÄ±llÄ±k gittik ve o da Ã§ok."
18,9,"3,0","Ä°stanbul'da ailemle ziyaret ettim. Eti Ã§ok Ã§eÅŸit salatadan birincisi ve en iyisi, ama lezzetli kebap gÃ¶rdÃ¼m. GarnitÃ¼r yoktu, Ã§ok gÃ¼zel ve sipariÅŸ, kesinlikle tavsiye ederim. SÄ±cak soslu aslÄ±nda sÄ±cak ve gerÃ§ekten Ã§ok gÃ¼zel deÄŸil. Ã‡ok ucuz deÄŸil ama en iyi fiyat."
18,10,"5,0","Harika kÃ¼Ã§Ã¼k restoran ile, isterseniz kontrol edebilirsiniz yerel hissi veriyor. Kesinlikle Ä°stanbul'da en iyi kebap. Personel cana yakÄ±n ve iyi servis. Alkol yok ama kebap ve Ayran iÃ§menizi tavsiye deneyin."
18,11,"4,0","Restoran, Ã¶zel bir yemek Calle cag kebap servis edilen et skews. BaÅŸlangÄ±Ã§ olarak Ã§orba denedim olmalÄ±dÄ±r. Salata ve yoÄŸurt Ã§ok temiz ve Ã§Ã¶l sakÄ±n kaÃ§Ä±rmayÄ±n"
